id_instance,id_conversation,user_code,transcription,id_tone,detonator_dialogue
1,1,2,ma√±ana en donde sera entonces ,0,0
3,1,1,nadie le diga ,1,1
4,1,1,que se joda por no poner atencion ,1,0
5,1,2,jaja ,1,0
10,1,1,4,0,0
12,2,2,caritaTriste ,0,0
13,2,1,wey ,1,0
19,2,1,[@usuario_ext1] lo tiene ,0,0
21,2,2,jaja ok ,0,0
23,3,2,ok ,0,0
24,3,2,vere jajas mietras caritaTriste ,0,0
27,3,1,renate s[@usuario3] best waifu ,0,0
33,4,2,Ok le voy a decir que quieres invitarlo a una cita y que afortunadamente vayan a una siguiente a consta de tu amiga a la que no le has dado las flores ,1,1
34,4,1,pinche [@usuario2] te juntas mucho conmigo ,1,0
36,5,1,ps aber si [@usuario_ext1] puede para que no seamos pocos ,0,0
38,5,1,jaja me d igual ,1,0
39,5,1,yo no queor nada con nadie ,1,0
40,5,1,pero no ira [@usuario_ext2] seremos mas pcos ,0,0
46,5,2,Eso espero ,0,0
47,5,1,nose que pienas de mi ,0,0
48,5,1,pero estas mal en eso caritaTriste ,0,0
49,5,4,si [@usuario1] es el pasivo ,1,0
52,6,2,[@usuario_ext2] hizo mas de la mitad del trabajo ,0,0
53,6,1,Y para colmo se le insinuo un cabalo ,1,1
57,6,3,Cambiare al pony caritaTriste ,1,0
58,6,3,En cuanto pueda lo dejare libre ,0,0
60,7,2,El chodo configuro el apodo de [@usuario3] como I'm gay again and a zofilic ,1,0
64,8,1,jaja ps supongo que si los 5 empezamos el juego para la ptra seseion es corecto que estemos los 5 mismos ,0,0
65,8,1,o mas pero sin dejar a esos 5 ,0,0
68,8,2,lo siento amigo ,0,0
76,9,1,Quiero que hagas eso ,1,1
77,9,2,Creo que si ,0,0
81,9,3,Dude no ,0,0
82,9,3,Yo no quiero saber no mames ,1,0
88,10,2,jaja cuanto ganare  ,1,0
95,11,2,Te filereo en corto si sales con una mamada ,1,0
96,11,3,jaja ,0,0
98,11,2,Si cual es tu puto pedo ,1,0
100,11,3,jaja no no decis edo xf ,0,0
102,11,2,Pinche racista de mierda ,1,0
104,11,1,Eso es nuevo ,1,0
107,11,2,Es como el nazi gay de la escuela ,1,0
108,12,1,Los bronies combinan zofilia y pedofilia ,1,1
111,13,1,yo mientras veo jesica jones ,0,0
112,13,2,no necesito saber con que te masturbas ,1,1
113,13,2,neta ,0,0
114,13,1,wtf ,0,0
116,13,2,no por ser una serie quita el hecho de que te puedes masturbar viendola ,1,0
117,13,1,jaja ,0,0
118,13,3,Y no es poni Interesante ,1,0
119,14,1,[@usuario_ext1] es amor [@usuario_ext1] es vida ,0,0
121,14,2,jaja ,1,0
122,14,1,it's all ogre now ,1,0
123,15,1,Quier que le ensarten el espadon y quedqr vivo caritaFeliz ,1,1
124,15,2, ,0,0
125,15,3,gay ,1,0
126,16,1,¬øque tipo de botarga sera [usuario_ext1] ,1,0
127,16,2,Aun no esta decidido ,0,0
128,16,2,Lo votaremos en la primera sesion ordinaria de la fraternidad ,0,0
129,16,1,Mm ya veo No lo dejen ser pony ni unicornio no es nada personal [@usuario_ext1] ,1,1
134,16,2,Que escogeremos lo que lo ponga mas incomodo ,1,0
138,17,1,Porque debemos hacer aniversario de esa fecha ,1,0
140,17,1,El disque dijiste el nombre de la mora que te gusta ,1,0
143,18,1,jaja ,0,0
145,18,3,Saludar a la gente es muy de los 20's men ,1,0
148,18,2,se nota que no estas en onda ,1,0
149,19,1,wey ,0,0
150,19,1,encontre la cancion del [@usuario_ext1] ,0,1
152,20,1,jugaremos rol en la junta ,0,0
153,20,2,No [@usuario1] ,0,0
155,20,3,Eso es un asunto diferente ,0,0
156,20,1,si ya se ,0,0
158,20,1,yp pense si quedaba le tiempo ,0,0
161,20,2,No compines el culo con las pesta√±as ,1,0
162,20,2,O hare que te mires tu propio culo de cerca ,1,0
163,20,1, ,0,0
165,21,1,pero ayer me levo a comer y todo caritaTriste ,0,0
167,21,2,y ya te la cogiste ,1,1
168,21,1,jaja que no caritaTriste ,0,0
170,21,1,jaja si ,0,0
171,21,1,gana como 9ml pesos ala quisena jaja ,0,0
172,21,1,no e cuesta nada caritaTriste ,1,0
174,21,3,Es tu sugar momy [@usuario1] ,1,0
175,21,1,no ,0,0
176,21,2,te estas viendo lento moro ,1,0
182,22,2,porque no quieres ,1,0
188,23,1, ,0,0
189,23,2,No ,0,0
193,23,1,caritaTriste ,0,0
197,24,2,jhe ,0,0
198,24,2,ya empezamos con la depresion ,1,1
199,24,2,eso ,0,0
201,24,1,jaja es nuestro tema mas popular caritaTriste ,1,0
204,24,2,si no serias igual que el resto de nosotros ,1,0
205,25,1,Si voy ma√±ana ,0,0
206,25,2,Preguntare a que hora terminamos para ir a la escuela ,0,0
208,25,3,caritaFeliz ,0,0
209,25,4,de una vez dile que se la quieres chupar ,1,1
210,25,3,jaja ,1,0
211,26,1,[@usuario3] las mujeres no tienen pene ,1,1
213,26,1,lo que significa que tu ex era hombre ,1,0
222,27,1,De todas formas no estas con ela ahorita ,0,0
224,27,1,Es que se merme tu cartera te sientas humilado te quieras morir ela te deje de hablar y caigas en el pozo de la desesperacion ,1,1
225,27,1,Y todo esto sin siquiera acercarte lo suficiente para probar sus labios ,1,0
227,27,2,jaja ,1,0
229,27,2,No ,0,0
231,28,1,Quieren pinches retas o que putos ,1,1
235,28,2,Y yo me ir de campo regreso el domingo ,0,0
236,28,1,Para que te lo paten ,1,0
237,28,2,Igual si me contestan o no da igual jajas no me afecta yo sigo viendo anime caritaFeliz ,0,0
240,29,1,Asi se llama por si la quieren buscar ,0,0
242,29,1,Bien ,0,0
243,29,2,[@usuario_ext2] la tiene de amiga en face y no le habla ,1,1
245,29,1,Pinche moro culo ,1,0
246,30,1,[@usuario2] ,0,0
247,30,1,Voy a ser uno de tus padrinos de boda ,0,0
252,30,1,Asi que te casaras con un individuo ,1,0
253,30,1,Al menos por interes ,1,0
254,30,1,Aunque sea de la forma legal de ir solo a firnar ,1,0
256,30,1, ,0,0
257,30,3,Especialmente si solo es firmar ,1,0
267,31,1,caritab ,0,0
269,31,1,Nada en mi casa y usted ,0,0
273,31,1,Y ya no hice nada ,0,0
274,31,2,Estoy mirando if i stay ,0,0
277,31,1,Yo estoy viendo que hacer caritaTriste o no hacer ,0,0
278,31,2,Nms [@usuario1] ya es media noche y tu con tus cosas jaja ,1,0
279,31,1,jaja ,0,0
280,31,1,ora ,0,0
282,31,1,Nah ni estoy viendo nada ,0,0
283,31,1,jaja ,0,0
284,31,1,Estoy acostado valiendo madres ,0,0
285,31,2,caritan ,1,0
287,31,1,Para que Para tener una conversacion ,1,0
288,31,1,caritae ,1,0
289,31,1,No todo gira a tu alrededor cari√±o asi que bye no te volvere a hablar [@usuario1]: alv ,1,0
290,31,2,Que te sucede nms ,1,0
291,31,2,Ni al caso con tu comentario ,1,0
296,33,1,[@usuario2] recuerdas cuando jugamos parted chilona en tu casa ,0,0
302,33,2,Una vez jugamos eso en mi casa con [@usuario3] y [@usuario_ext1] le dio una patada y [@usuario3] casi se moria  ,1,0
304,33,4,caritaFeliz ,1,0
305,33,1,eras un poco odioso y bueno todos lo fuimos alguna vez caritaFeliz ,1,0
309,34,4,Si no te metas ,1,0
311,34,3,Na no no le va ir peor ,1,0
313,35,1,Hola ,0,0
315,35,3,Si tu que ,1,0
317,35,1,Hay no me ataquen ,0,0
318,36,2,Te tolero bajo ciertas circunstancias ,1,1
320,36,1,Kha ,0,0
323,36,2,[@usuario3] no pienso en ti la verdad no te conozco ,1,0
327,36,2,caritao ,1,0
328,36,1,Quien sigue ahi ,0,0
332,36,2,A ok ,0,0
333,36,1,caritaFeliz ,1,0
334,37,1,Alguien se levo las laves del profe [@usuario_ext1] ,0,0
339,37,2,No estes chocando [@usuario1] ,1,0
341,38,1,Confiezo que nunca he tenido novia tengo 22 a√±os y los acabo de cumplir solo he tenido novios ,0,0
342,38,2,A mi me vale verga pinche sedoso de cagada caritaFeliz ,1,1
344,38,1,Nop ,0,0
345,38,4,No se si es broma o realmente existe gente tan pendeja como este wey caritaFeliz ,1,0
347,39,2,[meme347] ,1,0
348,39,1,[meme348] ,1,0
352,39,1,[meme352] ,0,0
354,40,1,Si existen los angulos negativos ,0,0
359,40,2,jaja tu apenas vas wey ,1,0
360,40,2,Cuando yo ya legue ,1,0
362,40,2,Y yo ya legue ,1,0
365,40,1,Ese moro ,1,0
366,40,1,jaja ,1,0
369,40,2,Normal ,0,0
373,40,1,No mames ,1,0
374,40,2,A si de pelada ,1,0
375,41,1,la pug en la graduacion me miro feo Y cuando estaba atras de mi grito la beyda aguas con la pug ,1,1
377,41,1,[img37] ,1,0
378,41,1,En lugar del ni√±o deberia de tener la foto de la [@usuario_ext1] ,1,0
379,42,1,no tires ladona a labasura yo voy por ela ,0,0
380,42,2,jaja ,0,0
381,42,1,mucha risa ni√±ita pendeja ,1,1
383,42,1,caritao ,1,0
391,45,1,caritao ,0,0
394,45,2,pues si no manches bura la maestra lo ecaritaFelizlico un chingo de veces para que salgas con eso mejor ya matate que nadie te quiere pinche nerd ,1,0
395,45,1,caritar ,0,0
398,46,2,Claro que no estupida ,1,1
401,46,1,Mm ,0,0
402,47,1,Hola me puedes ecaritaFelizlicar algo sobre la tarea Porfavor ,0,0
403,47,2,No por que me caes mal idiota ,1,1
404,47,1,Porque me hablad asi solo te estoy pidiendo un favor ,0,0
405,47,2,Aprende a escribir baboso ,1,0
406,47,2,Menos te la voy a pasar por baboso ,1,0
408,48,2,No aun no ,0,0
412,48,2,A que hora la nesecitas para ver la si la termino ma√±ana por que yo tambien Tengo que hacer mi tarea ,0,0
416,49,2,Pero prefiero la ayuda de los otros ,0,0
417,49,2,tu me caes mal ,1,0
418,49,2,Eres demasiado aplicada y eso no va conmigo tonta ,1,0
419,50,1,[img419] ,0,0
420,50,1,No wey y el otro dia que fui a dar un rol con el [@usuario5] en baica ,1,1
421,50,1,carita ,0,0
422,50,2,jaja ,1,0
426,50,3,jaja celosa jaja no te enojes mija tambien te dare verga a ti ,1,0
427,50,3,jaja ii ,1,0
428,50,1,carita ,0,0
429,50,4,Pegame un mamadon en la pura cabezona 8============D-- ,1,0
430,50,3,[meme430]  ,1,0
431,50,2,jaja el [@usuario4] anda con todo con la [@usuario_ext1] ,1,0
432,50,5,[meme432] ,1,0
434,50,2,[meme434] ,1,0
438,50,3,[meme438] ,1,0
439,50,5,Estoy bien narizon ,1,0
440,50,5,ay va tu selfie ,1,0
441,50,5,perdon dia internacional del mas narizon ,1,0
444,50,5,no mas porque estamos entre negros no le hablan al wero ,1,0
447,50,5,Ponte pecho tiera pues jaja ,1,0
449,50,4,Esta ,0,0
450,50,3,hey weyes no dejan escribir ,0,0
453,50,4,es negra ,1,0
454,50,5,agua con el naristoteles ,1,0
455,50,3,no mames [@usuario4] alivianate wey ya estas grande para que andes con tus mamadas en el pito ,1,0
457,50,5,jaja te la rifaste ,1,0
458,50,4,Esa mamada ,1,0
462,50,5,hermana mi macana ,1,0
463,50,3,la verga inchada que traigo de campana ding ding ding‚Ä¶ hora de comer [@usuario5] ,1,0
464,50,3,jaja pito al carbon ,1,0
465,50,3,jaja ,1,0
467,50,4,jaja riendo ,1,0
468,50,4,te awitas ,1,0
469,50,5,lo traes atras ya mira la cebe'p ,0,0
470,50,4,o que [@usuario2] ,0,0
472,50,2,[meme472] ,1,0
473,50,4,el √±engo ,1,0
476,50,3,come y que te leguen hasta el cerebro jaja ,1,0
478,50,3,jaja que pedo [@usuario5] te descubrieron ,1,0
480,50,3,jaja que pedo [@usuario5] que porque eres se√±orita ,1,0
482,50,3,jaja que pedo [@usuario4] ,1,0
484,50,4,la pura concha ,1,0
485,50,5,tu choncha panocha negra ,1,0
486,50,5,le meti mi clavo wero ,1,0
487,50,3,jaja clavo no seas mamon [@usuario5] jaja ,1,0
489,50,4,o sera que quieren pito ,1,0
491,50,4,te equivocas era leche en polvo ,1,0
493,50,5,[meme493] ,1,0
495,50,5,[meme495] ,1,0
496,50,4,[@usuario5] de mother fucker jaja ,1,0
497,50,2,Uu flow ,0,0
499,50,4,Te la meto hasta el cerebro ,1,0
501,51,2,[@usuario1] tonta ee ,1,0
503,51,2,caritao ,1,0
507,51,2,Pero yo no era como los nacia de ahi caritaTriste ,0,0
509,51,1,[img509] calculadora conalep ,1,0
510,51,1,Entonces usabas de esas o mas bien aun la sigues usando ,1,0
512,51,1,pero se te quedo lo naco ,1,0
513,51,1,se te pego mas bien ,1,0
514,51,2,carital ,0,0
515,51,1,naco ,1,0
516,51,2,no me digas asi u ya no caritaTriste ,0,0
519,51,1,naco ,1,0
521,52,1,caritaFeliz ,0,0
525,52,3,No es cierto ,0,0
530,52,6,Matenme ,1,0
534,52,1,Tipo rosa de Guadalupe we caritaFeliz ,1,0
535,52,3,Siempre ha sido naco caritaFeliz ,1,0
545,53,2,Tambien ,0,0
547,53,1,Me toco en el edificio 1 de ciencias de la salud en el 36 caritaTristed ,0,0
550,54,3,[@usuario_ext1] [@usuario_ext2] ,1,0
551,54,8,El paco no esta caritaTriste ,1,0
552,54,1,Quien es una bruja puta caritaFeliz ,1,1
553,54,8,Pronto la [@usuario1] caritaTriste ,1,0
555,54,1,Saldras a espantar a los ni√±os caritaFeliz ,1,0
556,54,8,A venderse mas bien ,1,0
557,54,1,No mms caritaFeliz ,1,0
561,54,9,Vale animal ,1,0
562,54,9, ,0,0
563,54,3,Pinche gordito :0 ,1,0
566,54,8,jaja no en persona caritaFeliz ,1,0
567,54,3,jaja ,1,0
568,54,3,No mms se te salio el pito enfrente de ela sin querer ,1,0
574,55,1,a mi me vale el estar solteria u no me quejo y si digo algo acerca del tema es de cura ,0,0
576,55,2,porque Por-Por ,0,0
578,55,2,si si lo veraz Por-Por ,0,0
579,55,1,No por que no me puedes obligar y punto ,0,0
580,55,2,si si puedo y no punto Por-Por ,0,0
581,55,1,No no puedes por que no eres nadie para mandarmr ,1,0
584,56,2,Ventas menos costo de ventas y eso te da ganancia o perdida ,0,0
586,56,2,si no es ganancia ,0,0
587,56,1,osea‚Ä¶ ,0,0
588,56,2,Que estas bien bura caritaFeliz ,1,1
590,56,2,carital ,0,0
591,56,2,carital ,0,0
593,56,2,caritar ,0,0
595,56,1,Si lo eres ,1,0
596,56,2,No u ,0,0
598,57,2,No vale ala fotos que acoso se subir ala de perfil u ,0,0
600,57,1,Estas pendejo si crees que le dare like a la foto que subiste ,1,1
602,57,1,El Mas luser caritaFeliz ,1,0
604,57,1,El Mas idiota Por^Por caritaFeliz ,1,0
607,57,2,la Mas menza ,1,0
610,58,2,Bueno que querias en ese momento ,0,0
611,58,1,Nada no mas darte lata ,1,0
613,58,1,Ja ,0,0
616,58,1,Ja a mi no me han dado esa clase ,0,0
618,58,1,Tu ,1,0
619,59,2,De nada fea ,1,1
620,59,1,Para [@usuario_ext1] caritaFeliz ,0,0
624,60,2,caritae ,0,0
625,60,1,caritao ,1,1
627,60,1,caritaj ,0,0
629,60,2,Buenas noches ,0,0
630,60,1,tampoco me amenaces ok ,1,0
631,60,1,caritau ,1,0
634,61,2,caritae ,1,0
638,61,2,unu ,0,0
641,61,1,Lo es cx ,1,0
642,61,1,Pero ya te los pusiste ya dejatelos caritaFeliz ,0,0
643,61,2,Me los quitare ,0,0
644,61,1,No we puro pedo ,1,0
647,63,1,Es un pendejo ,1,0
648,64,2,Pero soy como los vinos mas viejo pero mas bueno y tu eres vieja pero sin gracia Matame eda ,1,1
650,64,1,Lleno de mo ,1,0
653,64,2,caritae ,1,0
655,65,2,Querer es poder ,1,0
656,65,3,caritap ,1,0
660,65,1,[img60] ,1,0
662,65,6,Yo tengo una mejor que esa caritaTriste ,1,0
663,66,1,Mala ,1,1
664,66,2,Es prieto ,1,0
670,67,1,caritau ,1,0
672,67,1,jaja uy si patrona ,1,0
673,67,2,Y no reniegue ,1,0
674,67,1,jaja luego no me pagas ,1,0
675,67,2,caritau ,1,0
676,67,1,caritao ,1,0
677,67,2,carita ,1,0
678,67,1,caritau ,0,0
679,67,2,Quien va a querer fotos con un panda drogadicto jaja :'V ,1,0
681,67,2,Pero tu no te ba√±as jaja ,1,0
682,67,1,caritao ,0,0
683,67,2,[@usuario2]: 1 [@usuario1]: 0 ,0,0
684,67,3,caritau ,0,0
686,68,2,Que traes wey De que hablas ,0,0
687,68,1,Pa que la juegas nomas le hable la fer y ahi vas tras ela alv ,1,0
690,68,2,Si ni te he dicho nada por que se que no se fijaria en mi pero no me vengas con mierdas si aqui la culera eres tu ,1,0
691,68,1,Si we pero que casualidad que apenas hace unos dias hable con ela y le confese lo mucho que me gustaba te conte y ahi vas tras ela ,1,0
692,68,1,Neta esas mamadas no van ,1,0
693,68,1,Tu ni te animabas a hablar con ela porque no le eres de su tala y lo sabes ,1,0
695,69,1,caritai ,0,0
696,69,2,caritar ,0,0
699,69,1,Bay ,0,0
701,69,2,Adios basura ,1,0
702,70,2,Pareces se√±ora sin ofender caritaFeliz ,1,1
703,70,1,No me ofendo jaja ,0,0
706,70,2,Que haces ,0,0
708,70,1,jaja ya tiraste tu mierda caritaFelizcaritaFelizcaritaFelizV ,1,0
709,71,1,[img709] ,1,1
710,71,2,Menjota caritaFeliz ,1,0
711,71,3,Que marika :u ,1,0
712,71,4,[meme712] Madres ¬øQue pedo ,1,0
715,72,2,Si ,1,0
717,72,4,Que rika nariz caritaFeliz ,1,0
718,72,5,jaja hasta la pregunta ofende Claro quien va a querer ser tu novio Si estas bn p Feo ,1,0
725,72,12,caritao ,1,0
726,72,13,caritau ,1,0
729,72,16,Pareses bull terrier ,1,0
730,73,1,caritao ,1,1
731,73,2,Esa mora meca tiene pedos con su cara ,1,0
736,74,2,y eso cuando te lo pusiste ,0,0
737,74,1,Ayer ,0,0
738,74,2,aaa no mames la vd ,1,0
741,74,2,te pareces a un toro ,1,1
743,74,2,jaja cuando tiempo sin hablar ,0,0
744,74,2,vas bine en tus estudios loca ,1,0
745,74,1,Claro ,0,0
750,74,2,Al fin Ke contestas loca ,1,0
751,74,2,caritae ,1,0
753,74,2,Fea ya te olvidaste de mi ,1,0
757,74,2,Buenos dias fiona ,1,0
759,74,2,[@usuario1] estas bn no te sientes mal ,0,0
760,74,2,Si kierez voy por ti ,0,0
761,74,2,carita ,0,0
764,74,1,YA TE MAMASTE jaja ,1,0
765,74,2,jaja me pase de cacahuate lo vistes o fue tu iluminacion ,0,0
773,74,2,Salimos ,0,0
777,74,2,Nomas ,0,0
778,74,2,Tu vato es vieja ,1,0
781,74,1,Pero no tu fea ,1,0
788,74,2,Cuando entramos de vacaciones ,0,0
789,74,2,Ke pedo mora ,1,0
791,74,2,[@usuario1] Vamos ala guera de Vietman ,1,0
793,74,2,caritao ,0,0
794,74,2,Deja publicar de tus drogas ,1,0
796,74,2,caritao ,0,0
797,74,2,[img797] ,1,0
798,74,2,Mia amor como estas enojada conmigo ,1,0
802,74,1,Que ,0,0
804,74,2,Nada bye ,0,0
805,74,2,Te voy a culiar ,1,0
808,75,2,Me estas dando un poco de miedo ,1,0
810,75,1,Si me ha hablado mucho de ti bastante diria yo ,0,0
811,75,2,Encerio ,0,0
812,75,2,Esta pendejo ese wew y yo casi ni le hablo ,1,1
814,75,1,Varias cosas pero supongo que no deberia hablarte ,1,0
817,75,1,Por lo que me dijo ,0,0
819,75,1,No lo quiero hechar de cabeza jaja ,1,0
822,75,2,Ademas hace cuanto e conto eso si nisiquiera se a conectado el inutil ,1,0
824,75,2,No manches tgusta esa madre jaja Ya dime que te dijo ,1,0
826,75,1,Que grosero ,1,0
829,75,1,Como si fuera que o que ,0,0
831,75,1,Tu que vas a saber si no lo conoces ,0,0
834,75,2,No lo conozco pero se ve que es muy serio y amargado nada divertido ,1,0
837,76,1,[img837] No deberian pintarse la boca ,1,0
838,76,2,[@usuario3] jaja no se creas ,1,1
839,76,3,Yo ya no me la pinto asi ,0,0
840,76,2,yo ya no ,0,0
843,76,2,jaja ,1,0
846,77,2,caritan ,0,0
849,77,3,pandonde Van ,0,0
851,77,1,Reserva de los indios ,1,1
852,77,4,caritao ,1,0
858,78,1,Neta que no se que train contra mi la verdad pero ya equis ahi es cuanto te das cuenta y con quien no ya estoy arta de este tema neta ,0,1
859,78,2,Nose por que no dejan que este tema nada mas se desvanezca y ya ,0,0
860,78,2,Hacen un desmadre por una pendejadita ,1,0
863,78,2,caritan ,0,0
865,79,2,No te queria molestar perdon de casualidad no sabes que hay de tarea ,0,0
867,79,2,No es mi intencion si quieres ya no te hablo solo queria saber que es la tarea porque me fui temprano ,0,0
870,79,1,Porque no me interesa que seas bueno conmigo ,1,0
871,80,1,Hola zoras ,1,1
872,80,2,Tu que ,1,0
873,80,3,jaja hola babosa ,1,0
879,80,2,caritan ,1,0
880,81,2,caritao ,1,1
881,81,2,Se me hace estupido ,1,0
883,81,3,No mames que asco ,1,0
886,81,5,Hola pinches cerdas hjas de su puta madre ,1,0
889,81,5,chupas ,1,0
890,82,1,Tu que mamona ,1,1
893,82,2,Pinche exagerada ,1,0
894,82,1,Estas bien pendeja ,1,0
896,82,2,[audio] ,0,0
897,82,1,No voy a escuchar tu pinche audio ,1,0
898,82,1,Estas bien pendeja ,1,0
902,83,1,Porque no me contestas ,1,0
905,83,1,Estas ahi ,1,0
906,83,1,Putita ,1,0
910,83,1,Bien que en persona ,1,0
911,83,1,No eres asi lorona ,1,0
916,84,2,Que le valga vrga es mi vida consiguete una ,1,0
917,84,1,Me gusta la tuya puto jaja ,1,0
918,85,1,No mms pinche moro ,1,1
919,85,2,Esa pendejo jaja la neta la cago mas con sus historias ,1,0
920,85,2,La cago y luego la embaro ,1,0
921,85,3,Se ve bien estupido ,1,0
922,85,3,O sea el cogiendo con medio mundo y ela besa a alguien y ya uf le rompio el corazon ,1,0
925,85,5,Pasan un chingo menos ese jaja caritaTriste ,0,0
926,86,1,Para que la quieres ,0,0
927,86,1,Que es lo que quieres ,0,0
929,86,2,solo queria saber que aremos ,1,0
932,86,1,Bye ,0,0
933,86,1,No me hables ,1,0
934,86,2,ahora si no pensativa ,1,0
938,87,1,Me suena pero en los bajos mundos ,1,1
940,87,3,Siguele pera ,1,0
942,87,2,caritar ,0,0
944,87,1,jaja ya pues pidele atu bato mis fotos ,0,0
946,87,3,No me saludaste ,0,0
947,87,3,El dia del cumplea√±os de feo ,0,0
952,88,2,Me quede como wtd ,1,0
953,88,1,caritan ,1,1
955,88,2,Neta ,0,0
957,88,2,LlamaPor ,0,0
958,88,1,[@usuario_ext1] algo asi ,0,0
959,88,2,caritai ,1,0
961,89,1,caritao ,1,1
962,89,2,Calate piojosa ,1,0
964,89,2,Me lastimas caritaConfusa ,0,0
965,89,1,Hola tonta ,1,0
970,89,2,Me la pelas ,1,0
972,90,2,Ya mire porque te ponias mamonsita ,1,1
974,90,2,Ahora comprendo jaja salu2 cambio y fuera ,1,0
975,90,1,jaja por que me pongo mamonsita  ,0,0
977,90,1,No entiendo tu referencia bro ,0,0
979,90,2,Alomejor ,0,0
983,90,2,Si querias saber ,0,0
992,91,1,No vengas ,1,0
995,91,1,Todo pendejito ,1,0
997,91,1,jajana ,1,0
998,92,1,Lady 15 centavos ,1,1
1001,92,2,caritae ,0,0
1002,92,3,Pinche mora pendeja se equivoco de micro parece oaxaca tuvo que agarar el maneadero zorilo ,1,0
1004,92,3,Ps es menos de lo que se merece esa pinche mora pendeja umilo al pobre chofery asta tubo suerte la mora por que hay unos choferes que son culeros la ubieran bajado ,1,0
1013,92,13,caritai ,1,0
1014,92,10,Pinche vieja sara kese compre su caro para keno este cjingando ,1,0
1015,92,14,Es una serota sentro amercana ,1,0
1016,92,15,Que muerta de hambre la verdad ,1,0
1017,92,16,Quemenla por ridicula ,1,0
1018,92,17,Pobre pendeja le hubiera regresado su dinero y ke se bajara ,1,0
1020,93,2,Ya te mire ,0,0
1023,93,1,Que pasa caritaConfusa ,0,0
1029,93,2,Valiste verga ,1,0
1031,94,3,Tu que ,1,0
1032,94,1,jaja hola babosa ,1,0
1034,94,4,Zora tu ,1,0
1037,94,2,Pinchis zoritas que andan haciendo ,1,0
1038,94,3,caritan ,1,0
1041,95,2,Pinche mora ,1,1
1042,95,1,Tu que wey alv ,1,0
1046,95,1,Puro raza blanca a qui ,1,0
1048,96,1,caritai ,1,1
1049,96,1,Se me hace estupido ,1,0
1050,96,1,No se a ustedes ,0,0
1051,97,1,Seguiria leyendo tus mamadas pero tengo mucha tarea bye ,1,1
1052,97,2,Ruda pero justa ,0,0
1053,98,1,Se caso ,0,0
1054,98,2,jaja la puta ,1,1
1056,98,3,No jaja ,1,0
1057,98,2,Es bien puta pura verga se casa ,1,0
1058,98,4,jaja ,1,0
1060,98,1,Groseras Por ,0,0
1061,99,2,No ,0,0
1062,99,2,Nadie te quiere ,1,1
1064,99,2,caritaFeliz ,1,0
1065,99,1,Me dolio ,0,0
1067,100,2,Pinche cagasona ,1,1
1069,100,2,Pero no te das cuenta que nada puede lenar ese vacio existencial que cargas caritaFeliz ,1,0
1072,101,2,Yo te digo como se me incha el huevo  puta flac desnutrida ,1,0
1077,102,1,caritaFeliz ,1,0
1081,103,1,Que pedo alv caritaTriste ,1,0
1086,105,2,de donde ,0,0
1089,106,1,jaja me la peleichon tu y tu putaseichon ,1,0
1092,107,2,Quieres ir hacer algo ,0,0
1093,107,2,Contigo ni a la esquina jaja ,1,1
1096,107,2,Che mora todavia que te invito te pones los mo√±os ,1,0
1098,108,2,A la tuya ni con agua oxigenada le queda ,1,0
1099,109,2,caritai ,1,1
1100,109,1,Calate piojosa ,1,0
1102,109,1,Me lastimas caritaConfusa ,0,0
1106,111,1,Que te pasa caritaConfusa ,0,0
1110,112,2,Okey ,0,0
1114,112,2,Eres muy fria bastarda ,1,0
1115,112,2,Te odio ,1,0
1116,112,2,Aveces me dan ganas de agararte a putazos alv ,1,0
1117,112,2,Vete mucha a la verga como el dia que me dijis ,1,0
1118,113,2,Pues vete a la verga entonces ,1,1
1121,113,1,Te valgo verga caritaConfusa ,1,0
1124,115,2,Hey idiota pasame la tarea ,1,1
1126,115,2,[meme126] ,1,0
1129,116,2,:'v ,0,0
1130,117,1,Hola ,0,0
1131,117,2,Que quieres pera ,1,1
1136,117,2,Calate o te voy a hacer mi pera ,1,0
1138,118,2,Haces PorPorPor ,0,0
1139,118,1,Tu todo flaco esqueletico caritaTriste ,1,0
1141,118,1,Ejercicio y listo lo estupido con anda se te quita ,1,0
1144,119,1,Cual profe  ,0,0
1152,121,2,Pinche huerfana ,1,0
1153,121,1,Tu mama se pinta el cabelo con agua oxigenada ,1,0
1154,121,2,Tus papas son primos ,1,0
1155,122,2,Me vale 3 hectareas de lonja como la beisbol pro ,1,1
1156,122,1,Tu que pinche cerdo ,1,0
1158,123,2,Hola buenas tardes estaba viendo tus fotos en Facebok y creo que eres horible ,1,1
1159,123,1,A que te refieres ,0,0
1161,123,1,Por que si no te eh hecho nada caritaConfusa ,0,0
1169,124,2,Ta bien pendeja ,1,0
1171,125,2,Pero esto me hace pensar que ya anda bien clavado ,0,0
1172,125,1,Como ,0,0
1173,125,2,Y que lo que dice de que no le pesa dejarla es puro vervo ,1,1
1174,125,1,Neta no ,0,0
1176,125,2,Pues entonses no se la mame ,1,0
1178,126,1,caritai ,0,0
1182,127,1,Esta foto no mams ,1,1
1183,127,1,Todavia no tuviera bato ,1,0
1184,127,1,Pero que puta necesidad tienend e andar ense√±ando el culo ,1,0
1187,127,1,Pero mams ,1,0
1188,128,1,Esto no es un jaja esto ya se acabo definitivamente eres un puto cerdo de lo peor desearia no a verte conocido nunca me gustaste por diferente y me saliste peor Lo de ayer estabamos jugando jamas deviste dejas abierto tu fb en mi cel jamas te quiero volver a ver ,1,1
1189,128,2,Ok adios ,0,0
1190,128,2,Igual no se que hayas visto pero por algo no lo bore ,0,0
1191,128,2,Me puedes pasar mi dinero aqui por favor ,0,0
1192,128,2,caritai ,0,0
1193,128,2,Pero meh es pura cura ,0,0
1195,128,2,Sabes tu tampoco fuiste lo mejor para nada ,1,0
1196,128,2,Son tantas cosas que me da hueva ,1,0
1197,128,1,VETE A LA VERGA ,1,0
1198,128,2,Desde un principio ,0,0
1201,128,1,Con tu dinero me limpio el qlo ,1,0
1203,128,1,Hasta crees que boy a querer algo tuyo ,1,0
1204,128,1,VETE A LA VERGA ,1,0
1205,128,2,Hasta hace poco creia que tendria algo bueno contigo ,0,0
1207,128,1,El dinero me vale verga ,1,0
1208,128,2,Ok adios ,0,0
1209,128,1,Pero si te jode no te lo dare ,1,0
1212,128,1,Eres una basura  ,1,0
1216,129,1,Minimo ya no estaras desperado por que la otra mora quiere que vayas por ela caritaTriste ,1,1
1218,129,1,Por que tu novia esta bien pendeja y los sabes ,1,0
1219,129,1,ExPor ,0,0
1226,131,1,[img126] ,1,0
1227,132,1,Pero soy bien ogete caritaFeliz ,1,1
1231,132,1,Pero a qui no pega nadacaritaFeliz ,1,0
1235,132,2,Pero no te la estoy tirandoya se que no te gustonomas comentaba ,1,0
1238,133,2,Baila bien culero ,1,1
1241,134,2,caritai ,0,0
1243,135,1,Hay tarea¬ø ,0,0
1244,135,1,caritao ,1,1
1245,135,1,Que amables son ,0,0
1247,136,2,La profe ,1,0
1248,137,1,Que mierda eres ,1,1
1250,137,2,[img1250] ,0,0
1254,138,1,Hasta el lunes ,0,0
1255,138,2,Neta :o  Y a que hora entras ,0,0
1257,138,2,Chale porque tanto ,1,1
1259,138,2,Yo hare eso ,0,0
1261,138,2,Ya caritaTriste ,0,0
1263,138,2,Bueno caritaTriste ,1,0
1264,139,2,Eu ,0,0
1265,139,1,No tienes una mochila que me prestes ,0,0
1267,139,2,Saca las cheves ,1,1
1269,139,2,Que haces ,0,0
1270,139,2,Hola mor ,0,0
1273,140,1,Que sexy ,1,1
1274,140,1,Como estas ,0,0
1277,140,1,Que onda mor ,0,0
1280,141,2,jaja si me bano ,0,0
1281,141,1,jaja me dijeron que nel ,1,0
1282,141,2,Quien hecho mentiras caritaFeliz ,0,0
1283,141,1,Que te valga caritaFeliz ,1,0
1284,141,1,Es cierto jaja ,1,0
1285,142,1,Naco y GANSILO ,1,1
1286,142,2,Ven y dimelo wey tu a mi me la pPorPorPorPor ,1,0
1288,142,1,Calate pedazo de mierda ,1,0
1289,142,2,Dimelo en la cara a ver ,1,0
1290,142,1,Ah muy vergas ,1,0
1291,142,2,Una madre carnal si la piensas tramar dejate venir pinche vorat ,1,0
1292,143,1,Ey raisputia ,1,1
1296,143,2,caritao ,0,0
1300,143,1,I ,1,0
1310,145,1,Mm ni pa eso eres bueno ,1,0
1311,145,2,caritai ,1,0
1315,145,1,caritai ,0,0
1316,146,1,Y luego estas bien chaparita se te hace todavia mas grande caritaFeliz ,1,1
1319,146,2,caritae ,1,0
1320,146,1,caritai ,1,0
1323,147,2,Que wei ,1,0
1324,147,1,Que de que pendejo ,1,0
1327,147,1,Saco los culos verga ,1,0
1328,147,2,Andas bien malila por un culo o que ,1,0
1331,148,2,Para nada ,0,0
1332,148,2,Solo te dejo de hablar y ya ,1,0
1333,148,2,[img13] ,1,0
1334,148,1,jaja es la petricholi ,1,0
1335,149,1,Ey puto ,1,1
1336,149,1,Pinche esqueleto ,1,0
1338,149,1,Donde te vea te voy a partir la cara pendejo ,1,0
1339,149,1,Pinche vato joto we a ver porque a mi no me dices nada puto mierda metete con uno de tu tamano ,1,0
1340,149,1,Pinche lagartija parada donde te vea ya te dije ,1,0
1343,149,1,Asi que andate con cuidado porque donde te vea te voy a clavar puto ,1,0
1344,150,1,jaja este we ,1,0
1345,150,1,Nomames cuanto mides pueka ,1,1
1347,150,2,187,0,0
1348,150,2,Hey pa manana no tengo clases ,0,0
1351,150,1,Al chile que sibpa ,1,0
1352,151,1,jaja ya se pero las saque por que nunca miran nada de todos modos ,1,1
1353,151,2,caritae ,1,0
1355,151,2,Y a todos alv caritaFeliz ,1,0
1359,151,1,Es mas hare otro bay ,1,0
1360,151,3,caritaj ,0,0
1363,154,1,[img1363] ,1,1
1365,154,2,Asco ense√±ando todo ,1,0
1367,154,1,No manches esta ense√±ando todo exageradamente ,1,0
1368,154,1,No le dara pena subir eso ,1,0
1372,155,2,Aah dile a ese we que no sesta paro ,1,0
1373,155,2,caritai ,1,0
1375,155,1,Ey que mamon pero caritaTriste ,1,0
1376,155,1,No entras en la cura ,1,0
1379,156,1,Te sentaste en nuestra cama zora y te brindamos amistad mataste dos pajaros de un tiro no ,1,1
1385,157,1,caritar ,1,0
1386,157,1,caritae ,0,0
1387,157,4,Pero si tu ya traes el chamuco asi no cuenta caritaTriste ,1,0
1389,158,1,[img1389] ,1,0
1393,159,2,Yo te defiendo lany ,0,0
1394,159,2,Yo brinco ,0,0
1395,159,2,Ya sabes ,0,0
1398,159,3,caritae ,1,0
1399,159,3,Es que me da miedo caritaFeliz ,1,0
1400,159,2,Pendeja ya entendi ,1,0
1403,160,2,Mande mamacita ,0,0
1405,160,1,Alguien que haya reprobado ,0,0
1407,160,3,Que paso o que caritaTriste  ,0,0
1408,160,1,caritai ,0,0
1411,161,1,Andas con todo bada ,0,1
1414,161,4,caritao ,0,0
1416,161,6,Que pera ,1,0
1417,161,4,Puti carila manana ,1,0
1428,163,1,Esta rarilo caritaTriste ,1,1
1430,163,2,jaja ,1,0
1433,163,2,Pues que te dire [@usuario3]‚Ä¶ ,1,0
1434,163,4,caritax ,1,0
1435,163,5,caritai ,1,0
1436,164,1,Eso seria hasta las 11 ,0,0
1437,164,1,O ya para salir ,0,0
1439,164,3,Nadie vaya ,1,1
1441,164,3,Tu que pendeja ,1,0
1442,164,3,caritaTriste ,0,0
1443,164,2,caritae ,1,0
1444,164,3,caritae ,1,0
1445,165,1,[img145] ,0,0
1446,165,1,Estan bien pendejos todos no se quitan del camino y todavia insultan a mi mama no manches no se alcanzo a grabar pero pinches moros cada generacion sale mas pendeja ,1,1
1447,165,2,Alv caritaTriste ,1,0
1449,165,3,Parecen animales ,1,0
1451,166,1,caritai ,1,1
1452,166,2,caritau ,1,0
1453,166,2,Caile mejor idiota ,1,0
1454,166,1,caritae ,1,0
1457,166,2,jaja aver ,1,0
1459,167,1,Ya le mande inbox aver si me contesta ,0,0
1461,167,3,De que Como loras jaja ,1,0
1462,167,2,Tu eres bien lorona wei no mames jaja ,1,0
1463,167,4,caritan ,1,0
1464,167,2,Pues pa que ajera ,1,0
1465,167,3,Donde no te venga pegando una putiza vas a quedar agusto ,1,0
1467,168,1,No mas por que el [@usuario_ext1] es mi compa no te hago nada no lo quiero poner entre la espada y la pared ,1,1
1468,168,2,jaja seguramente ,1,0
1469,168,1,Quieres que te raje en tu madre entonces Tu no mas dime no hay pedo ,1,0
1471,168,4,Rajame en mi madre [@usuario1] caritaTriste ,1,0
1472,168,3,Vales verga ,1,0
1474,169,1,[meme1474] ,0,0
1475,169,2,Dile eso a los ni√±os de Africa pa ,1,1
1478,170,1,El video que te habia dicho caritaTriste ,1,0
1479,170,2,Alv ,1,0
1482,170,2,"Aqui no aplica la ley de: ""en persona<en las fotos"" ",1,0
1483,170,1,jaja ,1,0
1484,170,1,Se puso nervioso ,1,0
1485,170,1,La neta wey ,1,0
1486,170,1,Si se ve lo nerdo ,1,0
1488,171,2,Sin cabelo ,1,1
1492,172,2,Que no me gusta wey ,1,0
1493,172,2,jaja ,0,0
1495,172,3,En el video no se escucha :'v ,0,0
1496,172,4,No ,0,0
1497,172,4,HEY ,0,0
1499,172,4,Vi ,0,0
1500,172,4,Cortale la lengua ,1,0
1501,173,1,Pinche mora mejor consigase novio ,1,1
1504,173,1,Hocico de albanil pero bien alimentadito ,1,0
1507,174,1,Pues ,0,0
1508,174,1,Pues ,0,0
1513,175,1,Me  debes una pizza ,0,0
1518,175,1,Si ,0,0
1519,175,2,¬øDe ,0,0
1520,175,1,No ves mija Si quieres te puedo asignar unos padres con dinero para que te cubran los gastos de unos lentes de fideo por si no viste el emoji ,1,1
1521,175,2,Aah ,0,0
1523,176,1,Al ratito ,0,0
1524,176,2,Al perilo ,0,0
1526,176,2,Nos vale verga ,1,1
1530,177,1,[img1530] ,1,1
1531,177,1,jaja alv quien envio esto jaja ,1,0
1536,178,1,[meme1536] ,1,1
1538,179,1,Medio largo el asunto pero seran los mejores anos invertidos de mi vida Amen jaja ,0,0
1539,179,2,jaja ,0,0
1540,179,2,Oye ,0,0
1541,179,2,Y no te topas al [@usuario_ext1] ahi en la escuela ,0,0
1542,179,1,Pues si en ocaciones es imposible no verlo acapara mucho espacio visualcaritaTriste Pero pues de ahi en fuera solo eso ,1,1
1543,180,1,"Acabo de escuchar a una tipa que se estaba peleando con su novio le dijo ""mejor mete tu pito en danonino a ver si te crece pendejo""‚Ä¶ Y pues se mamo la mora ",1,1
1544,180,1,caritaFeliz ,0,0
1545,180,2,jaja hay que hacerle la recomendacion al chico pendejito ,1,0
1546,180,1,jaja la verdad si caritaTriste ,1,0
1547,181,1,[meme1547]  ,1,1
1549,181,1,caritaFeliz ,1,0
1550,181,2,Dame raite ,1,0
1553,181,1,Pero yo voy de visita nomas ,1,0
1554,181,1,Tu vives ahi ,1,0
1561,183,1,A las 7 u 8 estaria bien no ,0,0
1562,183,2,Que [@usuario_ext1] diga ,0,0
1567,183,1,El [@usuario_ext2] queria ir ,0,0
1568,183,1,Diganle alv ,1,0
1569,183,2,Que [@usuario_ext1] invite a quien quiera ,0,0
1571,183,2,"Pues la reunion es por el Se llama ""educacion"" ",0,0
1575,183,1,Alv ,1,0
1577,183,3,Prefiero no tener educacion en este caso a esperar que [@usuario_ext1] pueda invitar a los que quiere cuandono tiene ni tiempo de contestar aqui ,1,0
1578,183,3,Si esperamos a eso ni se armaria algo ,0,0
1583,184,2,Ya se enojo el gohan ,0,0
1586,184,3,Pues alv ,1,0
1588,184,3,Si  se mama a veces je je ,1,0
1590,184,4,Ni en sus pinches videos mecos viene eso ,1,0
1593,184,4,Porque es pto alv ,1,0
1594,184,2,dep ruebas ,0,0
1595,184,4,pruebas ,0,0
1596,184,2,caritaFeliz Ah no lo hice eso ya me lo habias dicho caritaFeliz ,0,0
1598,184,2,El ya sabe de eso caritaFeliz ,1,0
1601,184,2,Mira que ya puse caritaFeliz ,0,0
1602,184,3,No has hecho nada pero ,1,0
1604,184,3,Ya empezo [@usuario5] ,0,0
1606,184,6,Dale ,1,0
1607,185,1,Oigan entonces si va a ser en la casa del sincho ,0,0
1608,185,2,La neta nose si me dejen ir hasta ala tan noche caritaFeliz ,0,0
1609,185,3,A donde podrias ir ,0,0
1610,185,2,A donde no este tan lejos caritaFeliz ,0,0
1611,185,4,Que marica ,1,1
1612,186,1,Y porque si todo lo que dice es cierto o dime en que esta mal ,0,0
1615,187,1,Talvez si dalas hace un pequeno audio de unos 15 segundos lamando a Argos y lo sube aqui los demas podrian descargarlo y ponerlo en altavoz tal vez si escucho la voz de dalas intente ir al lugar donde este la persona con el audio ,0,0
1625,189,2,Que tal el post debate ,0,0
1628,189,1,Entonces dejaron tarea si o no alv ,1,1
1629,189,3,Ja ja No bebe ,1,0
1630,189,1,Gracias puedo dormir tranquilo ,0,0
1631,189,2,Duerme tranquilo por que ganaste el debate ,0,0
1632,189,1,[img1632] ,1,0
1635,189,3,Roasteo ,1,0
1637,189,2,caritao ,1,0
1638,189,1,No ,0,0
1642,190,1,Oye solo ocupo un favor ,0,0
1645,191,1,Tu y tu biblio mlp Soy ateo asi q tus crencias me valen verga asi de facil ,1,1
1646,191,2,Calate pinche putita ya quiero ver cuando andes moribundo tirando patadas de ahogado jaja ,1,0
1647,191,2,Hay vas a crer hasta en ni quien te imaginas ,1,0
1648,192,2,√Ålv el [@usuario1] ,1,1
1650,192,2,No me acuerdo ,0,0
1653,193,2,por donde vas ,0,0
1655,193,2,caritai ,1,0
1657,193,2,apurate alv ,1,0
1661,194,1,Anda pereando 150 pesos el jaja puta no mames ,1,0
1662,194,2,Yo ke verga ,1,0
1665,195,1,Compa√±eros ocupo un favor de ustedes ,0,0
1667,196,1,[meme167] ,1,1
1669,196,1,Un compa ,1,0
1670,196,2,El lalito ,1,0
1672,197,2,Ah c mamo ,1,1
1674,198,1,Sigue de mamon ,1,1
1676,198,2,jaja ,1,0
1682,198,3,Q no mamen tampoco ,1,0
1684,199,2,Es todo ,0,0
1686,199,3,Tas bien Culero [@usuario1] ,1,1
1687,199,4,No buen pex ,0,0
1691,201,2,caritar ,0,0
1696,201,1,Le dire a todos que te ignoren y que nadie se junte contigo ,1,0
1697,201,2,Ya deja de molestarme siempre haces lo mismo ,0,0
1698,201,1,Jamas esto se termina cuando yo quiera no cuando tu quieras ,1,0
1699,202,1,La verdad no te voy a invitar a mi fiesta porque hablas puras estupideces ,1,1
1700,202,2,Pero por que dices eso ,0,0
1701,202,1,Por que nadie del salon quiere que vayas ,1,0
1703,202,1,Tidis dicen que eres ratito y que hablas cosas ridiculas ,1,0
1706,203,1,Si no me haces los 5 trabajos para ma√±ana subo tu foto en el ba√±o al grupo ,1,1
1708,203,1,No claro que no tu los vas a hacer ,1,0
1709,203,2,Perp como se que eliminaras la foto y no tendras ni una copia ,0,0
1710,203,1,Yo no se Yo ya te dije y mas te vale que esten bien hechos ,1,0
1711,203,2,Yo no are los ejercicios si no me demuestras que solo tienens una copia ,0,0
1712,203,1,No se estas advertida ,1,0
1715,204,1,Yo digo que se ha metido con toda la escuela jaja ,1,0
1716,204,2,Me imagino tambien algun maestro aparte la manera en la que se viste  ense√±ado todo ,1,0
1721,205,1,Pero claro que no yo no soy asi ,0,0
1725,205,2,Fijate con quien te sueltas primero estupida ,1,0
1726,205,1,Pero yo no hice nada y menos con [@usuario_ext1] en serio ,0,0
1727,206,1,Yo no se para que estudias de todas formas siempre repruebas ,1,1
1729,206,2,Porque eres asi conmigo ,0,0
1731,206,1,Por que quiero por eso ,1,0
1732,206,2,No deberias comportarte asi conmigo estoy pasando por un mal momento a ti tambien te puede pasar ,0,0
1737,207,1,Hiciste un puto perfil falso de [@usuario_ext1] segun tu y la agregaste ,1,0
1739,207,2,no ,0,0
1740,207,1,Y estas con que ya sabe ,0,0
1742,207,1,Si le dices dilo alv ,1,0
1743,207,1,"[@usuario_ext1] le mando una foto a [@usuario_ext2] diciendo ""cuando tu menojor amiga te hace una fiesta sopresa"" y si sales con la ",1,0
1749,208,1,Nada nuevo pero lo haces ,1,0
1750,208,2,jaja ,1,0
1753,209,2,caritan ,1,0
1756,209,2,Bajale no ,0,0
1757,209,2,Yo no me levo asi contigo ,0,0
1760,209,2,Siempre me estas molestando por cualquier cosa ,0,0
1761,209,1,Por que siempre andas de arastrada con todos ,1,0
1763,210,2,Por que me insultas ,0,0
1766,210,1,Que les gusten las muejres la verdad dan asco Tu das Asco ,1,0
1768,210,2,Para que me insultas asi ,0,0
1769,210,1,Por que no te mueres mejor ,1,0
1776,211,1,Pinche gordo de seguro no cabes por las puertas ,1,0
1778,211,1,Que acaso vas a lorar ,1,0
1779,211,1,Cerdo mantecoso ,1,0
1780,211,1,carita ,1,0
1781,211,1,caritae ,1,0
1783,211,1,Con quien acaso con tu mami ,1,0
1784,212,1,Joto ,1,1
1785,212,2,Ya te dije queno me dijeras asi ,0,0
1789,212,1,Soy la unica persona que te habla del salon asi o quieres que que te deje de hablar y te quedes solo ,1,0
1790,212,2,No claro que no ,0,0
1791,212,1,A todos les das asco ,1,0
1794,212,2,Deja de insultarme ,0,0
1795,212,1,Ya joto no la hagas de emocion ,1,0
1796,213,2,No me molestas mas ,0,0
1797,213,1,Yo te molesto las veces que quieras ,1,1
1798,213,1,Si quiero te vuelvo a meter al contenedor de basura las veces que quiera ,1,0
1799,213,2,Ya dejame siempre me estas molestando ,0,0
1800,213,1,jaja la basura donde va ,1,0
1801,213,2,Por que eres asi ,0,0
1804,213,2,Dia tras dia es lo mismo ,0,0
1810,214,1,Estas bien culera y ademas bien plana ,1,0
1811,214,1,A el le gustan bonitas ,1,0
1813,214,1,Quien te manda estar tan culera jaja ,1,0
1814,214,1,Pinche fea ,1,0
1815,214,1,Nadie se junta contigo por se Fea ,1,0
1816,214,1,Que digo fea Horrible jaja ,1,0
1817,214,2,Ya dejame ,0,0
1821,215,2,Que por que dicen eso ,0,0
1823,215,1,Ademas ni para que quieras ir si nadie te habla pera y a nadie te quiere cerca ,1,0
1825,215,1,A mi que me dices a mi no me importa lo que digas ,1,0
1826,215,1,Pero mas te vale que ni te precentes ,1,0
1832,216,2,Por que me dices esto a mi ,0,0
1833,216,1,Por que eres una puta que vale mierda ,1,0
1834,216,1,No vales nada ,1,0
1835,216,1,Pinche tipa puta y zora ,1,0
1836,216,2,caritar ,0,0
1837,217,1,caritae ,0,0
1838,217,2,caritas ,0,1
1839,217,1,caritao ,0,0
1840,217,1,caritao ,0,0
1841,217,2,jaja tu y yo que seamos amigos ,0,0
1842,217,1,caritaj ,0,0
1843,217,1,caritan ,1,0
1844,218,1,[img184] ,0,0
1845,218,1,Ah pero ,1,0
1846,218,1,Cuando hicieron una copia de tu cara ,1,1
1847,218,1,caritai ,1,0
1848,219,1,[img1848] ,1,1
1849,220,1,caritai ,1,1
1850,220,1,[img1850] Cuando te pones a platicar con una se√±ora ,1,0
1851,221,1,[img1851] ,1,1
1852,222,1,[img1852] ,1,1
1853,222,1,caritaj ,1,0
1854,223,1,tu mama wey cuando te fue a inscribir ,1,1
1855,223,1,[meme185] ,1,0
1856,223,2,jaja pendejo lo dice el wey que recurso quimica 1 y reprobo con [@usuario_ext1] ,1,0
1857,224,1,mamon jaja ,1,1
1858,224,1,se siente bien sara no poder caminar caritaTriste ,0,0
1859,224,2,jaja que cuando cagabas se te salian todas las tripas  ,1,0
1860,224,2,lo siento wey ,0,0
1861,224,2,caritai ,1,0
1862,224,3,eso ecaritaFelizlicaba los dias que faltabas a la escuela ,0,0
1863,225,1,[img1863] ,0,1
1864,225,1,[img1864] ,0,0
1865,226,1,paro [@usuario2] caritaFeliz ,0,0
1866,226,2,"Primero di ""me gusta la verga negra y venuda"" caritaFeliz ",1,1
1867,226,1,pura verga mejor quedate con el grupo culero ,1,0
1868,226,2,jaja caritaFeliz ,1,0
1869,227,1,[meme1869] ,1,1
1870,228,1,ya ,0,0
1871,228,2,caritao ,0,1
1872,228,1,jaja no mames ,1,0
1873,228,2,caritai ,1,0
1874,228,2,caritao ,0,0
1875,228,1,que traes pinche joto ,1,0
1876,228,2,caritai ,1,0
1877,228,2,ni que me lamra [@usuario1] de [@usuario_ext1] ,1,0
1878,229,1,[img1878] ,1,1
1879,230,1,ya tu sabe que te amo prilo :y ,1,1
1880,230,2,que es amor para tu wey ,1,0
1881,230,2,caritai ,1,0
1882,230,1,lo que ati no te dan aya en africa we caritaFeliz ,1,0
1883,231,1,caritak ,0,0
1884,231,2,no sea joto [@usuario1] ahora te quieres ligar al [@usuario_ext1] eres una interesada quieres dejar al [@usuario_ext2] verdad ,1,1
1885,232,1,[elimina @usuario4  del grupo] ,1,1
1886,232,1,yo queria matar a rugal ,1,0
1887,232,2,alv ,1,0
1888,232,3,tipico que te eliminan de tu propio grupo ,1,0
1889,232,1,caritao ,1,0
1890,232,1,caritai ,1,0
1891,233,1,jaja ,0,0
1892,233,2,soy un pendejo y me gusta la verga negra venuda caritaFeliz ,1,1
1893,233,1,caritao ,1,0
1894,233,2,caritaFeliz ,1,0
1895,233,1,caritaFeliz ,1,0
1896,233,2,luego porque te mando alv caritaFeliz ,1,0
1897,234,1,Oh No sabia que el [@usuario_ext1] tenia un canal de yutuve ,0,0
1898,234,2,no mames ese vato esta guerito el [@usuario_ext1] esta negro como mi verga ,1,1
1899,235,1,[meme189] ,1,1
1900,236,1,el [@usuario_ext1] es negro pa no puede hacer nada ,1,1
1901,236,1,ya luego me dijo metemela [@usuario1] ,1,0
1902,236,1,y ya ,0,0
1903,236,1,caritai ,1,0
1904,236,1,caritao ,1,0
1905,236,2,jaja fue al reves por eso el [@usuario1] quedo en sila de ruedas ,1,0
1906,237,2,[img1906] ,0,0
1907,237,1,vtalv  jaja ,1,1
1908,237,2,chulada de ni√±a jaja ,0,0
1909,237,1,nms alv jaja ,1,0
1910,237,2,jaja ,1,0
1911,237,1,deja dormir alv ,1,0
1912,238,1,wey n esa parte es donde violan a los emos ,1,1
1913,238,1,y satanicos ,1,0
1914,238,2,entonces los rumores son ciertos ,1,0
1915,238,2,los de maneadero son jotos ,1,0
1916,238,2,:'| ,0,0
1917,238,1,si te violarano si ,1,0
1918,238,1,violaron ,1,0
1919,238,2,no we ,1,0
1920,238,2,estaba tu carnal ahi pero le solte un puntazo a esos pinches marginales y pege fuga we ,1,0
1921,239,1,[meme1921] ,1,1
1922,239,1,ya se donde vive el [@usuario_ext1] ,1,0
1923,240,1,deja dormir alv ,1,1
1924,240,1,caritaFeliz ,1,0
1925,240,2,cosa bien hecha ,0,0
1926,240,2,[img1926] ,1,0
1927,240,2,jaja ,0,0
1928,240,1,caritai ,1,0
1929,240,2,jaja ,1,0
1930,241,1,como que eres muy chona no ,1,1
1931,241,2,jaja ,1,0
1932,241,1,a todos andas diciendo puras mamadas ,1,0
1933,241,1,jaja ,1,0
1934,241,1,ps lo que es wey ,1,0
1935,241,3,caritae ,1,0
1936,242,1,Ey meteme a tu equipo de entorno caritaTriste ,0,0
1937,242,2,no me cagas laneta ni me hables pero ,1,1
1938,242,2,asi que olvidate de pertenecer a mi equipo ,1,0
1939,242,2,me escuchaste vago ,1,0
1940,242,1,No ,1,0
1941,242,1,maldita ,1,0
1942,242,2,ni quiero que me hables ,1,0
1943,243,1,oye Se que no me conoces pero quisiera decrite que te me haces un poco atractiva queria saber si quisieras salir un dia de estos conmigo ,0,0
1944,243,2,no mames que asco no si eres el mas feo de el salon ,1,1
1945,243,1,caritar ,0,0
1946,243,2,me vale madres ,1,0
1947,244,1,ey ,0,0
1948,244,1,hola disculpa sabes que dia es lo de la kermes y que tenemos que levar ,0,0
1949,244,2,hola ,0,0
1950,244,2,acaso no pusiste atencio pendjeo ,1,1
1951,244,2,que flojera esbirte todo ,1,0
1952,244,1,oye pero porque me ofendes pense que eramos amigos lo que pasa es que tuve un problema familiar y andaba un poco ido ,0,0
1953,244,2,no es mi problema amigo ,1,0
1954,244,2,preguntale a alguien mas ya me dormire buenas noches ,1,0
1955,244,1,gracias por nada buena noche ,0,0
1956,245,1,hola ,0,0
1957,245,2,que quieres ,0,0
1958,245,1,de casualidad no sabes que hay de tarea ,0,0
1959,245,2,la neta no we  y para que me hablas sabes que me caes bien gordo ,1,1
1960,245,1,solo era un pregunta en buena onda compa√±ero entonces no me diras ,0,0
1961,245,2,No y te vot a eliminar por enfadoso ,1,0
1962,245,1,caritar ,0,0
1963,246,1,[img1963] ,0,0
1964,246,1,chicos este sera el examen de contabilidad se tiene sue responder para el dia lunes ,0,0
1965,246,2,carita ,1,1
1966,246,2,a mi hablame de integrales derivadas fisica esa mamadaw ,1,0
1967,246,3,doble diferenciales ,0,0
1968,246,3,etc ,0,0
1969,247,1,ey moro ,0,0
1970,247,2,que paso ,0,0
1971,247,1,te voy a partir en tu madre si te vuelvo a ver meco ,1,1
1972,247,2,nisiquiera te conosco quien dices que eres' y porque sabes mi facebok ,0,0
1973,247,1,a parte de meco jaja si sabes quien soy y ya te adverti moro ,1,0
1974,247,2,no pues ni idea pero me la pela compa ,1,0
1975,247,1,ponte trucha que cuando menos te lo esperes te van a trenzar ,1,0
1976,248,1,ey calmate estupido ,1,1
1977,248,1,bajale dos rayitas a tu altaneria ,1,0
1978,248,2,de que me hablas No entiendo ,0,0
1979,248,2,solo te salude hoy en la cale y me conestas con esto ,0,0
1980,248,1,crees que me interesa saludarte baboso ,1,0
1981,248,2,pero porque me insultas yo solo intentaba ser amable contigo ,0,0
1982,248,1,crees que me interesa que seas amable conmigo ,1,0
1983,249,1,[img1983] ,0,0
1984,249,1,a quien les recuerda de clase ,1,0
1985,249,2,caritai ,1,1
1986,249,1,caritae ,1,0
1987,249,2,carita ,1,0
1988,249,1,caritai ,1,0
1989,249,2,carita ,1,0
1990,249,1,caritan ,1,0
1991,250,1,ahora en la cascara a las 4 ,0,0
1992,250,2,ctm ,1,1
1993,250,1, ,0,0
1994,250,2,pd: aqui solo se publica para nosotros jugar en el sullivan no mamadas de otros lados ,1,0
1995,250,3,caritau ,1,0
1996,250,3,I ,1,0
1997,251,1,hola ke hases ,0,0
1998,251,2,que pedo no sabes escrbir o que onda es que hacesPor ,1,1
1999,251,1,Perdon ,0,0
2000,251,1,komo estas vamos al cine ,0,0
2001,251,2,no mames para que al cine si no te conosco de hecho te iba a preguntar quien eras caritaConfusa no te consco y no salgo con desconocidas ,1,0
2002,251,1,as de estar mui wapo cabron caritaFeliz ,1,0
2003,251,1,caritai ,1,0
2004,251,2,lo siento pero no te conosco y deja de molstarme pedazo de caca sin cerebro deseguro eres del conalep ,1,0
2005,252,1,lucklest kid ever ,0,0
2006,252,2,jaja ,0,0
2007,252,1,yr weak tho ,0,0
2008,252,2,i dont speak english ,0,0
2009,252,1,with a name like that of course not i am supreised u able alford a ps4 must be government asistance ,1,1
2010,252,2,lol ,0,0
2011,252,1,su lechita y a dormir compa me pelaste la verga jaja ,1,0
2012,252,1,tell papi to cut more yards ,1,0
2013,252,2,ya pagaste tu casa y caro pedazo de imbecil ,1,0
2014,252,2,jaja kid of then years old bulshit ,1,0
2015,252,2,tell papi to finish of pay your ps4 and you ps plus ,1,0
2016,252,1,no speako el taco ,1,0
2017,252,2,your fathers was cousins ,1,0
2018,252,2,lol better you go to sleep little boy ,1,0
2019,252,1,ok govement asitance ,1,0
2020,252,1,i pay hour house with 5 different families living in home ,0,0
2021,252,2,you dont finishi to pay your house tell papi trump to help you ,1,0
2022,252,1,ok ,0,0
2023,253,1,bonita o no peros ,1,1
2024,253,2,puros microtubulos ,1,0
2025,253,3,buena pata de camelo ,1,0
2026,253,4,nms [@usuario3] ,1,0
2027,253,2,la panocha super inflamada como siempre ,1,0
2028,254,1,cores bien rapido ,0,0
2029,254,2,jajaq ,0,0
2030,254,2,es que ya quiero ver a mi profe ,0,1
2031,254,1,mandame uma foto ,0,0
2032,254,1,pero de su pito ,1,0
2033,255,1,tevoyachuparelburo ,1,1
2034,255,1,jaja ya viste ese video ,0,0
2035,255,2,jaja si ,0,0
2036,255,2,es del [@usuario_ext1] no ,1,0
2037,255,1,jaja simon el wey del ano peludo ,1,0
2038,255,3,siempre humilando ,1,0
2039,256,1,de eso depende si la [@usuario_ext1] te da un beso negro ,1,1
2040,256,1,ya no tiene pultmones ese wey ,1,0
2041,256,2,jaja ,1,0
2042,256,3,jaja ,1,0
2043,256,2,pinches chichonas se la rifan ,1,0
2044,256,2,deberian de chicar sus tetas ,1,0
2045,257,1,pinchi pato me dejo el ano bien abierto ,1,1
2046,257,1,se me salen los pedos solos ,1,0
2047,257,2,jaja andas bien ariba ya caritaTriste ,1,0
2048,257,3,pues mira mi instagram [@usuario2] puta ,1,0
2049,257,2,pues lo tienes en privado [@usuario3] pera ,1,0
2050,258,1,traer el bultito bien marcado ,1,1
2051,258,1,trae Por ,0,0
2052,258,2,[img2052] ,1,0
2053,258,2,es tu mama [@usuario1] ,1,0
2054,259,1,pinche pilo eres bien puto ,1,1
2055,259,2,nada de eso ,0,0
2056,259,3,el dia que quieras que te la deje caer ,1,0
2057,259,3,como la vez [@usuario_ext1] ,1,0
2058,259,2,chupalo verga ,1,0
2059,259,2,pinche moro eres bien joto ,1,0
2060,260,1,hey pendejo ,1,1
2061,260,2,oye ,0,0
2062,260,1,tienes que pagarlo hot ,0,0
2063,260,1,hoyPor ,0,0
2064,260,1,si no no entregan tus fotos ,0,0
2065,261,1,tu amiga te dedeo tanto que se le quedo pegada tu panocha en su mano ,1,1
2066,261,2,esa [@usuario3] ,1,0
2067,261,3,jaja yo que pera ,1,0
2068,261,4,la [@usuario3] esta en todos los mensajes de este chat nms ,1,0
2069,261,4,ya dejenla en paz ,1,0
2070,262,1,que se joda ,1,1
2071,262,2,jaja ,1,0
2072,262,1,[realizo lamada] ,0,0
2073,262,1,lo siento se me marco ,0,0
2074,262,2,idiota ,1,0
2075,262,1,pendeja ,1,0
2076,263,1,quien es tu pareja [@usuario_ext1]  ,1,0
2077,263,2,pero con respeto [@usuario1] ,1,1
2078,263,1,te vi que la estabas deseando ,1,0
2079,263,1,Pordedeando ,1,0
2080,263,2,era la [@usuario_ext2] la confundiste ,1,0
2081,264,1,yo tambien idiota caritaTriste ,1,1
2082,264,2,[nota voz] ,0,0
2083,264,1,aja si porque ,0,0
2084,264,2,[nota voz] ,0,0
2085,264,1,caritai ,1,0
2086,265,1,[@usuario2] levanta a las de tu edad moro no andes de asaltacunas en la 20 ,1,1
2087,265,2,dejen secuestrar ni√±os agusto ,1,0
2088,265,2,[nota voz;nota voz] ,0,0
2089,266,1,no hay nadie ahi ,0,0
2090,266,2,yo ,0,0
2091,266,1,nada as ,0,0
2092,266,1,nada mas ,0,0
2093,266,2,y los jefes ,0,0
2094,266,1,ha pues aguanten un ratilo tuve partido me quede a una carnita asada ,0,0
2095,266,2,me traes un taco ,0,0
2096,266,1,comete esta ,1,1
2097,267,1,y el [@usuario_ext1] ,0,0
2098,267,2,con todo y huevos ,1,1
2099,267,2,y el [@usuario_ext2] caritaFeliz ,0,0
2100,267,2,amonos ,0,0
2101,267,1,jaja ,1,0
2102,267,1,me dijo que se la metiste ,1,0
2103,267,1,quien la tiene mas grande ,1,0
2104,268,1,tienes razon [@usuario3] ,0,0
2105,268,1,jaja ,0,0
2106,268,2,ese√±asela al [@usuario3] [@usuario1] ,1,1
2107,268,2,para que duerma calentito ,1,0
2108,268,3,aver ponganse en cuatro para ver quien tiene el ano mas peludo ,1,0
2109,268,1,tu primero ,1,0
2110,269,1,jaja ahuevo inutl ,1,1
2111,269,1,idiota ,1,0
2112,269,2,que pedo pndeja ,1,0
2113,269,1,que imbecil ,1,0
2114,269,1,ya ma√±ana wee ,1,0
2115,269,1,jaja pendejo ,1,0
2116,270,1,y a dedear ,1,1
2117,270,2,como sabes eso [usuario1] ,0,0
2118,270,3,jaja ,1,0
2119,270,3,chenme el ano las dos ,1,0
2120,270,3,con todo respeto ,0,0
2121,270,1,la [@usuario_ext1] me dijo ,1,0
2122,270,1,jajas ,1,0
2123,270,1,que asco todo peludo ,1,0
2124,271,1,vales de despernsa tambien acepto ,0,0
2125,271,2,okey perfecto ,0,0
2126,271,2,[@usuario2] vendi tu panochin por un jaja no hay fala ,1,1
2127,271,3,no mames [@usuario2] soy virgen no puedo ,1,0
2128,271,2,con eso ya tengo tres viajes gratis ahuevo ,1,0
2129,272,1,y el [@usuario_ext1] segun andaba tambien bien sincho y puero pedo ya ni contesto ,1,0
2130,272,2,no valen verga la neta ,1,1
2131,272,3,yo le dije al [@usuario_ext2] que no iba a ir poque me toco trabajo todo el dia y desde las 5 hasta las 10 sorry pa al siguiente si caigo ,0,0
2132,272,2,tu tambien no vales verga ,1,0
2133,272,3,te iba a sar las nalgas ,1,0
2134,273,1,entre mas amas a alguien mas termina haciendo da√±o asi que puro hechos no pensamientos de casados o noviasgos largos es la pura realidad alv ,1,0
2135,273,2,el que se enamora pierde ,0,0
2136,273,2,fin ,0,0
2137,273,2,y yo ya vali verga ,1,1
2138,273,1,exacto ,1,0
2139,273,1,te metieron la riata ,1,0
2140,273,1,literal ,1,0
2141,274,1,[@usuario_ext1] ,0,0
2142,274,2,jaja te reto a que lo dedes ,1,1
2143,274,3,jaja ,1,0
2144,274,1,le dejaste el ano bien lubricado asi pos si ,1,0
2145,274,2,se lo deje bien abierto ni va a sentir cuando se la metas ,1,0
2146,274,2,asi como tu ,1,0
2147,275,1,que tala ,0,0
2148,275,2,es que no se si s o m ,0,0
2149,275,1,eres m segun yo ,0,0
2150,275,1,caritao ,0,0
2151,275,2,te hare el amor tan rico que hasta me pediras la receta ,1,1
2152,276,1,jaja de la chingada ,1,1
2153,276,2,hola putita ,1,0
2154,276,1,como esta la ni√±a mas hermosa del mundo ,0,0
2155,276,2,obviamente mas guapa que nunca ,0,0
2156,277,1,eres una cualquiera ,1,1
2157,277,2,caritar ,1,0
2158,277,1,porque si desde que andabamos quedando como novios te volviste bien suelta con mis amigos porque crees que me aleje de ti ,1,0
2159,277,2,Pero claro que no yo no soy asi ,1,0
2160,277,1,no entonces porque andabas de culo suerto con el [@usuario_ext1] ,1,0
2161,278,1,pues ,0,0
2162,278,2,jaja de seguro le ense√±aste a escribir en otaku ,0,0
2163,278,1,jaja ,0,0
2164,278,2,pasen memes de otakus y dinosaurios ,0,0
2165,278,3,pasa tu pack mejor ,1,1
2166,279,1,[img216] ,0,0
2167,279,1,pinche [@usuario_ext1] viaja en el tiepo solo para que la deden ,1,1
2168,280,1,que pedo ,0,0
2169,280,2,dile al abuerlo y al [@usuario_ext2] y amos a la playa ma√±ana o el martes o que ,0,0
2170,280,2,La camisa y los tiranotones paro ,0,0
2171,280,1,simon puta ,1,1
2172,280,1,ya los eche ,0,0
2173,281,1,[img2173] ,1,1
2174,281,1,te esta esperando tu pastel [@usuario_ext1] ,1,0
2175,282,1,jaja eso si ni pero lo bueno que tengo su autografo ,0,0
2176,282,1,en un bilete de 100 dl ,0,0
2177,282,2,lo bueno que tengo si autografo en el pedoro ,1,1
2178,282,1,pobre por el ,1,0
2179,282,1,a de ver quedado bien oloroso ,1,0
2180,283,1,es tuyo el iphone 6 plus ,0,0
2181,283,2,se cuelga de la fama de la edsa ,1,0
2182,283,3,ese vato se le subio la fama ya no me habla nomas porque es de cartel ,1,0
2183,283,2,cuelgate de mi verga mejor [@usuario3] ,1,1
2184,284,1,esos de derecho no le invierten al disfraz ,1,1
2185,284,1,[@usuario2] ,1,0
2186,284,1,suerte con las gabachas [@usuario_ext1] ahorita haz de estar dediando a 2 negros facil ,1,0
2187,284,2,estos marihuanos de ciencias marinas queriendo humilar ,1,0
2188,284,2,[@usuario_ext2] ,1,0
2189,285,2,jaja ,0,0
2190,285,2,yo no te pregunto porque vas a querer violae ,1,1
2191,285,2,violar ,1,0
2192,285,1,pues estas bien bueno y tienes el ano apretado todavia ,1,0
2193,285,2,jaja wey que gay ,1,0
2194,285,1,pues tu te freseaste ,1,0
2195,285,2,me pico un pero mosquito en el coco ,1,0
2196,286,1,pero que tal ,0,0
2197,286,1,casa sidney ,0,0
2198,286,1,con verga de [@usuario_ext1] de fuera ,1,1
2199,286,1,segun solo tenia ojos para ti [@usuario2] ,1,0
2200,286,2,era plan con ma√±a para ver si al [@usuario_ext2] le dan celos pero no mas no ,1,0
2201,286,1,jaja pues el [@usuario_ext2] es transgenero ,1,0
2202,287,1,puro estudiar y generar dinero vendiendo burritos de monda ,1,1
2203,287,1,si quieres si ,0,0
2204,287,1,y una dedeada ,1,0
2205,287,2,jaja ,1,0
2206,288,1,sucioname un huevo [@usuario_ext1] ,1,1
2207,288,2,jaja ,1,0
2208,288,1,ya tengo pareja [@usuario_ext2] ,0,0
2209,288,1,todo trnaqui ,0,0
2210,288,2,no mames y andas pidiendo que te chupen el ano ,1,0
2211,289,1,pues despues del santo culeadon que les meten ,1,1
2212,289,2,jaja es que no conozco a todos aqui ,0,0
2213,289,2,la mayoria ,0,0
2214,289,1,ya todos te cualearon ,1,0
2215,289,1,pinshe vato rolado y pensar que eres mi hermano ,1,0
2216,289,2,pues es de familia puto es herencia ,1,0
2217,290,1,tengo dos nomas que una se lo preste a mi compita [@usuario_ext1] pero no me lo ha regresado ,0,0
2218,290,2,se lo comio ,0,0
2219,290,1,con la panocha ,1,1
2220,290,1,como tu [@usuario2] ,1,0
2221,291,1,ya luego te hago la pregunta que te queria hacer ,0,0
2222,291,2,cual ,0,0
2223,291,2,caritan ,1,0
2224,291,1,mm ,0,0
2225,291,1,yp solo te quiero preguntar porque me haces bulling ,0,0
2226,291,1,acaso te caigo mal O no se ,0,0
2227,291,2,caritae ,0,0
2228,291,1,si ,0,0
2229,291,2,caritai ,1,1
2230,291,1,a okey pero no te calgo mal o si ,0,0
2231,291,2,no porque Si me caleras mal no te hablaria asi soy yo ,0,0
2232,291,1,okey pues ,0,0
2233,291,1,caritae ,0,0
2234,292,1,a pero el elular no lo suerta ,0,0
2235,292,2,estaba viendo porno para inspirarse ,1,1
2236,292,3,[img236] ,1,0
2237,293,1,que la [@usuario_ext1] fue a verte jugar ,0,0
2238,293,2,ya te la sabes apa ,0,0
2239,293,2,si we el viernes ,0,0
2240,293,2,y le dedique tres golecitos caritaTriste ,0,0
2241,293,1,chepe ,1,0
2242,293,1,no es cierto pa j ,0,0
2243,293,1,jaja ,0,0
2244,293,1,porque no me habias contado idiota ,1,1
2245,293,1,y que paso ,0,0
2246,293,1,nada ,0,0
2247,293,1,todo bien ,0,0
2248,294,1,tu que pinche albino ,1,1
2249,294,1,ctm bue ,1,0
2250,294,1,jaja ,1,0
2251,294,2,el me√±ito de pone celosa ,1,0
2252,294,2,a ti te chinga el buen me√±o ,1,0
2253,295,1,[img253] ,1,1
2254,295,1,mira we para ti ,1,0
2255,295,1,jaja ,1,0
2256,295,2,que onda ,0,0
2257,296,1,smn ,0,0
2258,296,1,neta ,0,0
2259,296,1,ite homies ,1,1
2260,296,1,administracion ,0,0
2261,296,1,de new agare ,0,0
2262,296,2,quien metio a este idiotisim al grupo ,1,0
2263,296,1,y esa onda verg ,1,0
2264,296,1,como asi ,0,0
2265,296,1,me dijiste ,0,0
2266,296,1,mas respeto cabron no crees pal buchon ,1,0
2267,297,1,carita ,0,0
2268,297,2,somon we pero me lo mandas we ,0,0
2269,297,1,ooh pues con quiern estas hablando perita ,1,1
2270,297,1,me amas ,1,0
2271,297,2,pues contigo pendejo jaja ,1,0
2272,297,2,y esa mamada que we Pinche ganso ,1,0
2273,297,1,entonces no me amas ,0,0
2274,297,2,nms we ,1,0
2275,297,1,pinche ganzo te joteas ,1,0
2276,298,1,calese usted pinche se√±or amoroso ,1,1
2277,298,2,caritao ,1,0
2278,298,2,caritae ,1,0
2279,298,3,ni traen nada putos preguntale al [@usuario2] con el qlote que andaba jaja ,1,0
2280,298,2,tu que verga pinche vato tiras pura wazanga ,1,0
2281,299,1,yo mero ,0,0
2282,299,2,acaray ,0,0
2283,299,3,pinshi drogadictos caritaTriste ,1,1
2284,299,4,nel we no fumo ya ,1,0
2285,299,4,me pegan ,0,0
2286,299,3,caritae ,1,0
2287,300,1,esta mas vergas ahorita ,1,1
2288,300,2,caritae ,0,0
2289,300,3,caritav ,0,0
2290,300,2,caritav ,0,0
2291,300,3,adictl agara ese bien y vete muho ala verga ,1,0
2292,301,1,nmss tu das nada de dinero ,1,1
2293,301,1,nunca aporta nada ,1,0
2294,301,1,mejor no hablas si no aportas mone ,1,0
2295,301,2,vete  la verga pinche pendejo ,1,0
2296,301,1,mlp ,1,0
2297,301,3,todo pendejo ,1,0
2298,301,4,hey hey tranquilos‚Ä¶ ,0,0
2299,301,3,nms ,1,0
2300,302,1,ya valanse alamverga ,1,1
2301,302,1,dejenme de meter a grupos ,1,0
2302,302,1,[abandona grupo] ,0,0
2303,302,2,[img2303] ,0,0
2304,303,1,[img2304] ,1,1
2305,303,2,fake ,1,0
2306,303,3,saquen los packs prus caritaTriste ,1,0
2307,304,1,mames no les dijera saquen para la mota porque en putiza ,1,1
2308,304,2,jaja ,1,0
2309,304,1,pinche galo nos tenemos que robar ese honda we ,1,0
2310,304,3,ps no se voy a ir a trabajar ma√±ana ,0,0
2311,304,1,um no pues asi vales madres no jaja ,1,0
2312,305,1,quien hiso el chat ,0,0
2313,305,2,la joce creo ,0,0
2314,305,2,dicen que el negri ,0,0
2315,305,2,negro ,0,0
2316,305,2,caritau ,1,1
2317,305,1,okey pues ,0,0
2318,305,1,porque cagas mis publicaciones ,1,0
2319,306,1,toma ,0,0
2320,306,2,no es el uniforme we ,0,0
2321,306,2,si no que no queria quedar sin jugar ,0,0
2322,306,2,ya vez que aun wei le valimos verg ,1,1
2323,306,2,y pues por eso y mas aorte el uniforme jajaba ,0,0
2324,306,3,buen argumento buen punto ,0,0
2325,306,4,contry come pito ,1,0
2326,307,1,como pito we ,1,1
2327,307,1,tu y choko ,1,0
2328,307,1,a ono we uno tendria que ser negro ,1,0
2329,307,1,jaja ,1,0
2330,307,1,un puercospin ya vez que esos si son negros ,1,0
2331,307,1,buenos dias choko ,0,0
2332,307,2,buenos dias baby ,0,0
2333,307,2,kien ira a jugar vergas para k me prestes los guantas ,1,0
2334,308,1,para que si no hay nada pero ,1,1
2335,308,2,shale ,0,0
2336,308,1,tu que pedo [@usuario2] ,1,0
2337,308,2,saken la hierba caritaFelizcaritaFeliz8 ,1,0
2338,308,2,caritai ,1,0
2339,308,2,[ck trnaza putos ,1,0
2340,309,1,Te pasaste ,0,0
2341,309,1,Vete a la mierda ,1,1
2342,309,2,jaja ,1,0
2343,309,3,jaja ,1,0
2344,309,2,No mames como se alteran ,1,0
2345,309,4,Tu calate [@usuario2] ,1,0
2346,309,2,caritai ,1,0
2347,309,4,8,0,0
2348,309,5,jaja ,1,0
2349,309,1,Ustedes  no es mi culpa que sean payasos y mas ahorita que varios si queremos pasar ,1,0
2350,309,2,Todos queremos pasar ,0,0
2351,309,2,Pero nadie estudio asi como ,0,0
2352,309,1,Exacto varios no estudiaron  mejor ponganse a repasar ,0,0
2353,309,6,Dice el [@usuario_ext1] que se dejen de mamadas igual todos van a reprobar caritaFeliz ,1,0
2354,309,7,Dice el [@usuario_ext2] que se vayan todos a la verga ,1,0
2355,309,5,Dice la [@usuario_ext3] que se la pelancaritaTriste ,1,0
2356,309,2,Dice la [@usuario_ext4] que se la pelancaritaConfusa ,1,0
2357,310,1,Tenemos examen de derecho ahoita a las 7 ,0,0
2358,310,1,Para que sepan ,0,0
2359,310,2,Kha ,0,0
2360,310,3,Se la mamaron ,1,1
2361,310,3,Porque pidieron eso ,0,0
2362,310,4,No es cierto ,0,0
2363,310,1,Porque si ,1,0
2364,310,5,como ,0,0
2365,310,1,Tenemos su numero ,0,0
2366,310,6,No jodan ,1,0
2367,311,2,Nms ,1,0
2368,311,2,Estas bien pendejo ,1,1
2369,311,1,jaja vete a la Verga ,1,0
2370,311,1,Oye estupido que pedo dile a tu hermano que si quiere ir con nosotros al papas  Te invitaria a ti pero la neta me da un chingo de weba como te pones  bien pedo y pendejo ,1,0
2371,312,2,Te sirve ,0,0
2372,312,1,Si ,0,0
2373,312,2,Que traes pinchi chamaco pendejo ,1,1
2374,312,1,Vamos hacer una fiesta wey pero la neta no creo que puedas ir porque dicen los demas que estas bien tonto y te apesta la boca ,1,0
2375,313,2,Entonces vete a la verga pinche vale verga pito chico ,1,1
2376,313,1,No tienes porque proyectarte pendejo ,1,0
2377,314,1,No fui mejor me fui con tu hermana ,1,1
2378,314,2,Nms ,1,0
2379,314,2,Estas bien pendejo ,1,0
2380,315,1,√Åndale estupido ,1,1
2381,315,2,Ya te dije que no estupido ,1,0
2382,315,1,Ves por eso nadie te quiere pinche flaco pendejo ,1,0
2383,316,1,Pinchi pendejo ,1,1
2384,316,1,Alv ,1,0
2385,316,1,Me tienes arta ,1,0
2386,316,1,[img2386] ,1,0
2387,316,2,Das asco ,1,0
2388,316,2,caritao ,1,0
2389,317,1,Todos te metieron la Verga ,1,1
2390,317,2,Domine el circuito ,1,0
2391,317,1,La mamada jaja ,1,0
2392,317,1,Si te metieron la Verga como 4 veces ,1,0
2393,317,2,jaja si le gane a todos di la vuelta y ya despues me ganaron ,1,0
2394,317,2,Sigues ocn aquel joto ,1,0
2395,318,2,jaja ,1,0
2396,318,2,Que pendejo te pones ,1,1
2397,318,2,Bitch ,1,0
2398,318,1,Pendejo tu que estas bien tonto para jugar jaja y nadie quiere ser tu pareja ,1,0
2399,319,2,Donde estas ,0,0
2400,319,1,Con mi padrino ,0,0
2401,319,2,Que estas haciendi ,0,0
2402,319,1,Estaba pisteando ,0,0
2403,319,1,Para que vas al gimnasio y haces dieta si sigues igual de gordo pendejo ,1,1
2404,320,2,Cero tempra al ap ,0,0
2405,320,2,Si wey dice que ya saco el dia ,0,0
2406,320,2,Estas bien estupido por eso nadie quiere salir contigo jaja Paeces ni√±o mongolo ,1,1
2407,321,2,Ctm porque no contestas nunca alcaritaFeliz luego no quieres que me enoje pero te pasas te quiero alv bay ,1,1
2408,321,1,Pues porque la neta me caes bien mal ya   no se ni porque te hablo ni√±a tonta ,1,0
2409,322,1,Oigan chicos no es por aruinarles las vacaciones pero les recuerdo que tenemos que hacer ecaritaFelizosicion de la profe ,0,0
2410,322,2,Vete a la chingada ,1,1
2411,322,1,Come mierda si no quieres trabajar salte del equipo ,1,0
2412,322,3,jaja ,1,0
2413,322,3,Que debemos hacer [@usuario1] ,0,0
2414,322,1,Mandame informacion ,0,0
2415,323,1,Hey losers ,1,1
2416,323,1,Que uno haga el documento de la clase del [@usuario_ext1] y ya para que los demas solo impran jaja ,0,0
2417,323,1,Quien se apunta ,0,0
2418,323,1,Kuleras no dejen en visto ,1,0
2419,323,2,jaja ,1,0
2420,323,2,Poes si quieres haslo tu ,1,0
2421,324,1,Que pendejos jaja ,1,1
2422,324,1,Si [@usuario2] ve ,0,0
2423,324,1,[link2423] ,1,0
2424,324,1,Asi siento a todos los cristianos [@usuario2] jaja ,1,0
2425,324,2,Que es [@usuario1]caritaTriste ,0,0
2426,324,3,Gay sipongo jaja ,1,0
2427,324,4,no lo puedo ver ,0,0
2428,324,4,[img2428] ,0,0
2429,324,4,siento que algo hise comose escriba o no hise para que pienses eso ,0,0
2430,324,2,caritar ,0,0
2431,324,4,y nadamas tu muchas personas piensan lo mismo y la neta no es asi se supone que los cristianos mostramos el amor de cristo y ultimamente e escuchado muchas cosas saras se que muchas personas que dicen ser cristianos son saras pero no todos son asi ,0,0
2432,325,1,Yo legare como a las 1:30 ,0,0
2433,325,2,Yo como a las 11 o nose ,0,0
2434,325,3,Me acabo de despertar jaja ,0,0
2435,325,2,Pendeja ,1,1
2436,325,3,A que hora te iras  ,0,0
2437,325,2,Ahorita que me areglue y coma ,0,0
2438,325,2,Como a las once ,0,0
2439,325,2,Y tu ,0,0
2440,326,1,jaja ,0,0
2441,326,1,No te metas con nivel 1 ,0,0
2442,326,2,caritan ,1,1
2443,326,3,jaja PENDEJA ,1,0
2444,326,3,Es para que ustedes vayan sabiendo ,0,0
2445,326,2,jaja poes aprende a formular tus respuestas ,1,0
2446,326,1,jaja eso que ,1,0
2447,327,1,Si [@usuario_ext1] fuera jefe ese lugar se iria a la quiebra ,1,0
2448,327,1,Si ,1,0
2449,327,2,A la mierda [@usuario_ext2] ,1,1
2450,327,2,La cosas como son ,1,0
2451,327,2,El solo quiere demostrar que tiene la razon y que el manda cuando el que manda es [@usuario_ext3] ,1,0
2452,327,2,A veces siento que quiere pasar sobre [@usuario_ext3] ,1,0
2453,327,1,Exacto ,1,0
2454,328,2,Omg pues no me agrada mucho aun jaja No se si mas adelante tratandola caritaFeliz ,0,0
2455,328,1,Amiguitos les tengo un chisme ,1,1
2456,328,2,Cuenta ,0,0
2457,328,1,Ya se por que [@usuario_ext1] es asi de amargado ,1,0
2458,328,2, ,0,0
2459,328,1,& hoy el Peter apestaba a que alguien se murio adentro caritaTriste ,1,0
2460,329,1,Si yo las compro es lo de menos las sabritas ,0,0
2461,329,2,No porque dice beso y van a pensar que queri un beso y no solo es mi amigo:$ ,0,1
2462,329,2,Ma√±ana me las das mochis ,0,0
2463,329,3,jajar caritaFeliz la [@usuario2] tiene rason ,0,0
2464,329,3,Xx ,0,0
2465,329,2,Si Gane ,0,0
2466,330,1,El sabe que lo odiamos pero no vamos a tratarlo como amigo solo por el trabajo ,1,1
2467,330,2,Pues yo no se ,0,0
2468,330,2,Pero el tipo es super raro ,1,0
2469,330,2,Y es raro porque es buena onda pero raro ,1,0
2470,330,2,Y pues ya ni se jaja ,1,0
2471,330,2,La verdad yo voy a seguir como iba sin preocuparme po el ,1,0
2472,330,2,Porque no lo vale ,1,0
2473,330,2,Y no se para que quiere que le hable si es bien asi el men ,1,0
2474,331,1,nms [@usuario2] si me vas hablar nomas para estarme cagando el pinche palo mejor ni me hables neta ,1,1
2475,331,1,carita ,1,0
2476,331,1,caritae ,1,0
2477,331,2,la verdad te pasas eh ,0,0
2478,331,2,osea que onda es mi amigo y lo dices como si lo conoces o has hablado con el ,0,0
2479,331,1,yo ,0,0
2480,331,1,te digo todo en buen plan ,0,0
2481,331,1,nms ,1,0
2482,331,1,no tengo la obligacion de decirte cosas [@usuario2] ,0,0
2483,331,1,si me vas a hablar hablame bien ,0,0
2484,331,1,ves que estoy bien pinche mal y hay vienes con todo esto nms ,1,0
2485,331,1,tengo porquito cerebro para saber como vas a tratar a las personas ,1,0
2486,331,2,osea te digo en buen plan todo ,0,0
2487,331,2,y solo queri saber ,0,0
2488,331,2,porque se trata de mi mejor amigo ,0,0
2489,332,1,cual ma√±ana ,0,0
2490,332,1,mejor no me hables asi gracias ok ,1,0
2491,332,2,pues si Sola mente pense que podia contarte cosas o salir a platicar no se pero siempre tienes un pretexto y la verdad que los que pense que no estarian para mi lo estan en estos momentos ,1,1
2492,332,2,pues bueno ,0,0
2493,332,1,es tu estupido problema si quieres pensar que son pretexto ,1,0
2494,332,1,pretextos ,0,0
2495,332,1,es mi vida y no tengo porque contartela ,1,0
2496,332,1,pero como sea ,1,0
2497,332,2,pero yo que estoy levando todo es otra cosa diferente ,0,0
2498,332,1,yo que tengo que vivir lo que pases ,1,0
2499,332,1,ay porfavor ,1,0
2500,332,1,has lo que quieras piensa lo que quieras y ya equis ,1,0
2501,332,1,igual no es mi vida alomejor tienes razon en que no vivo lo mismo que ti y pues mejor para que me meto no ,1,0
2502,332,1,asi cada quien sus cosas ,1,0
2503,332,1,y todos estables ,1,0
2504,332,1,cero pedos alavinky ,1,0
2505,332,2,sabes tienes razon no es tu vida es la mia ,1,0
2506,333,1,jaja me tienes en alma caritaFeliz aun caritaTriste ,0,0
2507,333,2,jaja pudrete caritaTriste jaja no lo se caritaConfusa ,1,1
2508,333,2,caritaFelizPor ,1,0
2509,333,1,jaja caritaFeliz maldita caritaFeliz ,1,0
2510,333,2,aun no tienes fecha de salida ,0,0
2511,333,1,no que yo sepa ,0,0
2512,333,2,jaja pos bueno caritaFeliz ya lega puto caritaFeliz ,1,0
2513,334,1,jaja ta bien pues ,0,0
2514,334,2,ja puto caritaFeliz ,1,1
2515,334,1,jaja calmate ,0,0
2516,334,2,tu calmate putito caritaFeliz ,1,0
2517,334,1,nop ,0,0
2518,334,2,sip caritaFeliz ,0,0
2519,334,1,nop ,0,0
2520,334,2,sip caritaFeliz ,0,0
2521,335,1,tengo muchos proyectos que les sucede caritaTriste ,0,0
2522,335,2,caritai ,0,0
2523,335,3,como loran ,1,1
2524,335,1,mm ya lego el [@usuario3] ,1,0
2525,335,2,dejanos lorar en paz alb ,1,0
2526,335,2,ia me boi ,0,0
2527,336,1,ya descansare cuando muera caritaFeliz ,0,0
2528,336,2,pues muerete caritaFeliz ,1,1
2529,336,1,gran consejo caritaFeliz ,1,0
2530,337,1,que no los borachos son los de derecho Son del mismo tronco ,1,1
2531,337,2,jaja caritaFeliz no mames jaja ,1,0
2532,337,3,hey ,0,0
2533,337,4,caritai ,1,0
2534,337,5,vean la cucaracha ,1,0
2535,337,3,que grosera caritaTriste ,0,0
2536,338,1,ira pues ,0,0
2537,338,1,a mi no me vengas a levantar falsos ,1,1
2538,338,2,falsos ,1,0
2539,338,2,pue si no la tengo verga ,1,0
2540,338,2,tengo la culera la bola esa ,1,0
2541,338,1,pero esta x ,0,0
2542,338,1,siempre de sara ,1,0
2543,338,1,ya we ,0,0
2544,339,1,oie a mi no me meta ,1,0
2545,339,2,hay viene el otro puto ,1,1
2546,339,1,ahiPor ,0,0
2547,339,2,haber compa ,0,0
2548,339,3,a verPor ,0,0
2549,339,4,a verPor ,0,0
2550,339,2,su puta madre ,1,0
2551,340,1,alv ,1,1
2552,340,1,lo asustaron ,0,0
2553,340,2,marihuano vas a jalar a las 5 am o que ,1,0
2554,340,3,no puedo quede de hacer otra cosa a las 7 ,0,0
2555,340,2,ir al mar a fumar mota ,1,0
2556,340,2,no me haces pendejo mijo ,1,0
2557,340,3,eso en cualquier lado ,0,0
2558,341,1,tranquilo ya volvera ,0,0
2559,341,2,ya se mejor que se quede all ,0,1
2560,341,1,que dijiste ,0,0
2561,341,1,porque ,0,0
2562,341,2,estaba juango jaja ,0,0
2563,341,1,mas te valen mijo ,1,0
2564,342,1,gracias por decirme pera ,1,1
2565,342,2,que quieres ,0,0
2566,342,1,conesta por favor ,0,0
2567,342,2,para que ,0,0
2568,343,1,este pinche [@usuario2] no manches esta bien wey ,1,1
2569,343,2,si el wey eres tu ,1,0
2570,343,1,el otro dia casi chocamos alavinki ,0,0
2571,344,1,pues con esa pinche actitud que tienes no si la amas no la dejes ir porque a ela le sobran personas que la traten mejor que tu ,1,1
2572,344,2,jaja ,1,0
2573,344,1,de que te ries wey ,1,0
2574,344,2,ese pinche joto me lo voy a chingar cuando me lo tope ,1,0
2575,345,1,no se mi papa ,0,0
2576,345,2,mm ,0,1
2577,345,2,y poque no le diceS ,0,0
2578,345,1,porque se va enojar ,0,0
2579,345,2,pero no entiendo porque sd enojaria ,0,0
2580,345,1,caritar ,1,0
2581,346,1,te acuerdas cuando no te iba a invitar a mi fiesta y te ibas a colar por la ventana <3 jaja buenos momentos ,0,0
2582,346,2,jaja si y tambien [@usuario_ext1] caritaFeliz ,0,0
2583,346,1,jaja pero finalmente no se tuvieron que colar porque si los invite jaja ,0,0
2584,346,2,Eso crees -_- ,1,1
2585,346,2,Todo fue producto de tu imaginacion ,1,0
2586,346,2,Nunca hiciste tu fiesta ,1,0
2587,346,2,Nisiquiera se de que hablas [@usuario1] o ,1,0
2588,346,1,jaja c: ,0,0
2589,347,1,Tu [@usuario2] cuando eras chiko jaja [img2589] ,0,0
2590,347,2,Tu no pudiste mensa ,1,1
2591,347,1,jaja y yo x que ,0,0
2592,347,3,jaja tu ni eso lo esquivaste a ti si te golpearon por mensa ,1,0
2593,347,3,ja ja ja ,1,0
2594,348,1,Mandilon ,1,1
2595,348,2,Que onda chikita ,0,0
2596,348,1,Que si conseguiste ,0,0
2597,348,2,No ,0,0
2598,348,1,Aqui traigo una macana ,1,0
2599,348,1,NAME ,1,0
2600,348,1,jaja ,1,0
2601,348,2,jaja ,1,0
2602,348,2,La tienes enterada por el chiquito ,1,0
2603,348,1,jaja ,1,0
2604,348,1,Que no me lam [@usuario_ext1] ,1,0
2605,348,2,jaja ,1,0
2606,348,1,jaja aparte de Maricon es mandilon ,1,0
2607,348,1,jaja ,1,0
2608,349,1,Que onda jaja de tu puta madre ,1,1
2609,349,2,Que tranza jaja de tu puta madre ,1,0
2610,349,1,Que haces puto maricon ,1,0
2611,349,2,En mi casa joto ,1,0
2612,349,1,Con un joto ,1,0
2613,349,2,La coni ,0,0
2614,349,1,caritao ,1,0
2615,349,2,jaja ,1,0
2616,349,2,Ve y chinga a tu madre ,1,0
2617,349,2,Sobre vas ,1,0
2618,349,2,Joto ,1,0
2619,349,1,Ya fuiste tu ,1,0
2620,350,1,Tu amigo como chinga ,1,1
2621,350,1,Dile que se vaya a chingar a su madre ,1,0
2622,350,1,Donde estas ,0,0
2623,350,2,En el centro ,0,0
2624,350,1,Aaa ,0,0
2625,350,2,Por que ,0,0
2626,350,1,Nomas pa que me dieras rayte ,0,0
2627,350,1,Pero ya vengo legando a la casa ,0,0
2628,350,2,Ok chacha ,1,0
2629,350,2,Descansa un rato ,0,0
2630,350,2,jaja ,1,0
2631,350,1,jaja pendejo ,1,0
2632,350,1,Estupido ,1,0
2633,350,2,Que haces india ,1,0
2634,350,1,jaja ,1,0
2635,351,1,Es el [@usuario_ext1] ,0,0
2636,351,2,Si ,0,0
2637,351,1,jaja ,1,1
2638,351,1,Lo mandan a juntar basura ,1,0
2639,351,2,Asi es pobre ,1,0
2640,351,3,jaja estas bien mensa ,1,0
2641,351,2,jaja ,1,0
2642,351,3,jaja ,1,0
2643,351,1,jaja ,1,0
2644,352,1,jaja ,0,0
2645,352,1,Di la verdad [@usuario_ext1] ,1,1
2646,352,2,jaja ,1,0
2647,352,3,Que estas mensa ,1,0
2648,352,1,ja ,1,0
2649,352,2,Hola culitos ,1,0
2650,353,1,ok ,0,0
2651,353,1,Ya ni mi vieja ,1,1
2652,353,1,jaja ,1,0
2653,353,2,jaja ,1,0
2654,353,2,Sigue agarando la palanca ,1,0
2655,353,2,jaja ,1,0
2656,353,1,jaja ,1,0
2657,353,1,jaja no ,1,0
2658,353,2,ja ja la mano la tienes en la palanca ahi te gusta poner tu mano jaja ,1,0
2659,353,1,jaja no ,1,0
2660,353,1,Mandilon ,1,0
2661,354,1,En que vas a jalar ,0,0
2662,354,2,En el micro ,0,0
2663,354,1,jaja ,0,0
2664,354,1,Pero que numero ,0,0
2665,354,1,Joto ,1,1
2666,354,2,1259,0,0
2667,354,1,que 12 ,0,0
2668,354,1,no wey 59 ,0,0
2669,354,1,Y tu en cual ,0,0
2670,354,1,i ,1,0
2671,354,1,i ,1,0
2672,354,1,i ,1,0
2673,355,1,i ,1,1
2674,355,1,i ,1,0
2675,355,1,i ,1,0
2676,355,1,i ,1,0
2677,355,1,i ,1,0
2678,355,2,chupas ,1,0
2679,355,1,Pinchi joto porque vergas no me contestas el telefono ,1,0
2680,355,2,jaja ,1,0
2681,356,1,Te encuentras bien ,0,0
2682,356,2,Que pedo ,1,0
2683,356,2,Esres tu Neri ,0,0
2684,356,2,Por tu culito negro ,1,1
2685,356,2,jaja ,1,0
2686,356,2,Eres tu ,1,0
2687,356,2,jaja ,1,0
2688,356,2,Ati te lo grabaron ,1,0
2689,356,2,jaja ,1,0
2690,357,1,No ,0,0
2691,357,1,Ve tu ,0,0
2692,357,1,joto ,1,1
2693,357,2,Ta ke valas y chingue tu ,1,0
2694,357,1,A chingue a tu madre ,1,0
2695,358,1,i ,1,1
2696,358,1,Aceptame pendejo pa etoketarte cosas boitas jaja ,1,0
2697,358,1,Ya pediste permiso ,0,0
2698,358,1,Y le avisaste al gordo ,0,0
2699,358,1, ,0,0
2700,358,1,Culo ,1,0
2701,358,1,Que pedo no te dejaron ,0,0
2702,358,1,Culon culito ,1,0
2703,359,1,jaja ,0,0
2704,359,2,jaja ,0,0
2705,359,1,Yo no soy ,0,0
2706,359,1,Esta mensa la [@usuario_ext1] ,1,1
2707,359,2,jaja ,1,0
2708,359,2,Como no ,1,0
2709,360,1,ha ha ,0,0
2710,360,2,caritai ,1,1
2711,360,3,jaja ni en el micro te quieren subir jaja ,1,0
2712,360,1,jaja no mames ,1,0
2713,361,1,Asi te trataban [@usuario3]‚Ä¶ jaja ,1,1
2714,361,2,Pobre [@usuario3] ,1,0
2715,361,3,Ustedes ,1,0
2716,361,4,Que no te da verg√ºenza cabron [@usuario3] que te vean como te trae la [@usuario_ext1] ,1,0
2717,361,3,jaja ,1,0
2718,361,3,Estas bien mensa [@usuario4] ,1,0
2719,361,4,caritao ,1,0
2720,361,5,Aunque la verdad incomoda [@usuario3] pero es la neta wee para que niegas si ni un bte te dejan que invites cabron jaja ,1,0
2721,362,1,caritae ,1,1
2722,362,2,si Pero a ti no te gustaria que te dijeran que tu madre es una prostituta sidosa y aunque fuera mentira la gente participa en elo y eso no te gustaria ,1,0
2723,362,2,aparte jamas pelie dinero En ningun momento le pedi el cambio ,0,0
2724,362,1,pero o en ningun momento te dije eso o si muchacha  Soy libre de compartir lo que quiera en mi perfil y puedo crer cualquiera de las 2 ,1,0
2725,363,1,y apoco si miras con esos lentes todos feos ,1,1
2726,363,1,porque no compras unos de contacto neta te vez bien redicula de la cara ,1,0
2727,363,2,ey tranquila yo no me levo asi contigo ,0,0
2728,363,1,pues no quisiera tener amigas que se vean feas y raras si de por si naciste virola ,1,0
2729,363,1,los lentes de hacen ver mas fea la cara ,1,0
2730,364,1,ahPor ,0,0
2731,364,1,la smith ,0,0
2732,364,1,con razon no me sale jajacaritaFeliz ,1,0
2733,364,2,si se puso herera ,0,0
2734,364,2,carital ,0,0
2735,364,1,caritai ,1,1
2736,364,1,caritao ,1,0
2737,364,2,no ,1,0
2738,364,2,carital ,1,0
2739,364,1,caritao ,1,0
2740,365,1,caritai ,1,1
2741,365,2,oye porque me dices asi muchacha yo no te conozco ,0,0
2742,365,1,jaja me vale te traen de puerquita todos no ,1,0
2743,365,1,caritai ,1,0
2744,366,1,[img274] ,0,0
2745,366,1,me compre una mochila de maycraf si se que esta mal escrito ,0,0
2746,366,2,obvio se que es sarcasmas maldita ni√±a rata de mierda ,1,1
2747,367,1,ey ,0,0
2748,367,1,maldita asquerosidades ,1,1
2749,367,1,nadie te quiere sabias ,1,0
2750,368,1,caritai ,1,1
2751,368,2,caritai ,1,0
2752,368,3,rocioPor ,0,0
2753,368,2,ya no Digas ,0,0
2754,368,3,que cholita ,0,0
2755,368,2,[@usuario_ext1] ,0,0
2756,368,2,laque te ajero ,1,0
2757,368,3,jaja ,1,0
2758,368,3,pura pendeja en su salon ,1,0
2759,369,1,ma√±ana le sigo tambien ,0,0
2760,369,2,aca te la curas [@usuario1] caritaTriste ,0,0
2761,369,3,sorda ,0,0
2762,369,1,si se hara ma√±ana ,0,0
2763,369,2,si ,0,0
2764,369,4,no ,0,0
2765,369,2,si [@usuario4] ,0,0
2766,369,2,lesbiano ,1,1
2767,369,4,nel [@usuario2] ,0,0
2768,369,1,tu no estas invitado [@usuario4] ,1,0
2769,370,1,feliz navidad ,0,0
2770,370,2,Muerete ,1,1
2771,371,1,caritar ,0,0
2772,371,2,Es que tu eres un error ,1,1
2773,371,1,caritar ,0,0
2774,372,1,Mexicanos de mierda ,1,1
2775,372,2,Regresa tu pocilga hondureno que derecho tienes a venir insultarnos a nuestro pais ,1,0
2776,372,3,Hondurenos de mierda porque vienen a insultarnos regresen a su pocilga ,1,0
2777,372,3,Vienen a Mexico a lamarnos mexicanos de mierda y los pejefans aplaudiendo a estos invasores ,1,0
2778,372,4,Bienvenidos hermanos hondurenos el pueblo de Mexico los acoge ,0,0
2779,372,5,Si los vas a recibir en tu casa esta bien no digas pendejadas esos delincuentes no son bienvenidos en Mexico ,1,0
2780,372,6,Yo no los quiero cerca de mi ,1,0
2781,372,7,Que se vayan a chingar a su madre que se regresen ,1,0
2782,373,1,BATSU NO GRITES QUE ESTOY INTENTANDO DORMIR SO ZORA ,1,1
2783,373,1,Y por si no lees me cagon tus castas ,1,0
2784,373,2,Lo siento lo siento lo siento ,0,0
2785,373,1,Acuestate ,0,0
2786,374,1,Me interesa ,0,0
2787,374,2,Ya se rento pendejo ,1,1
2788,374,1,Y para que me insulta ,0,0
2789,374,2,puto ,1,0
2790,375,1,Payasa ,1,1
2791,375,1,Payasa ,1,0
2792,375,2,Te hundo el pecho payaso ,1,0
2793,375,1,Te lo hundo yo a ti abrazafarolas ,1,0
2794,375,2,Buricalvo ,1,0
2795,375,1,Berzotas ,1,0
2796,375,2,Zascandil ,1,0
2797,375,1,Besamono ,1,0
2798,375,1,PorBesamonos ,1,0
2799,375,2,Mmerto ,1,0
2800,375,1,El culo tuyo ,1,0
2801,375,2,Ya te gustaria ,1,0
2802,376,1,No te preocupes yo lo hago forma educada de decirle a alguien que es un pendejo y no piensas reprobar por el ,1,1
2803,376,2,Cof cof [@usuario_ext1] cof cof ,1,0
2804,377,1,Inventale algo ,0,0
2805,377,2,De una wey ,1,0
2806,377,2,Rifatela ,0,0
2807,377,2,Lo que sea ,0,0
2808,377,1,La base de datos es muy importante en las empresas o en nuestra vida personal ya que con esta tenemos todo tipo de informacion guardada y resguardada ,0,0
2809,377,2,Quieres verlo o asi lo subo ,0,0
2810,377,1,Asi mero ,0,0
2811,377,2,Ya estoy en tu cuenta de blackboard ,0,0
2812,377,2,Subi el archivo que no era ,0,0
2813,377,2,Valiste verga ,1,1
2814,378,1,Sale ,0,0
2815,378,1,Wey cuantas horas son con el profe de tics ,0,0
2816,378,2,Creo que 2 ,0,0
2817,378,1,No podre ir ,0,0
2818,378,1,Ya le dije al [@usuario_ext1] ,0,0
2819,378,2,Oka ,0,0
2820,378,1,Que el era el que va en mi equipo ,0,0
2821,378,1,Para que no me extranen ,0,0
2822,378,2,Nunca bastardo ,1,1
2823,378,1,caritar ,0,0
2824,379,1,Quien la enviara hoy ,0,0
2825,379,2,Y a donde se envia ,0,0
2826,379,3,Creo que yo puse todos en un archivo no hice ni madres pero para que mire de perdida que lo intente o por lo menos de huevon no estuve ,1,1
2827,379,4,Y a donde lo enviaras ,0,0
2828,379,3,Pues a blackboard no ,0,0
2829,379,4,No hay meta para subirlo ,0,0
2830,379,2,Mandalo porfa mamon ,1,0
2831,379,4,Es lo que todos estamos diciendo ,0,0
2832,379,4,Por telegrama ,0,0
2833,380,1,Para quien guste y se le haga mas facil y practico‚Ä¶ puede hacer deposito a tarjeta en oxo La rifa se hara al termino de los numeros 1/50 vendidos 7 22 27 ,0,0
2834,380,2,A como chingas deja de estar mandando pendejadas ,1,1
2835,381,1,La ignorante eres tu pendeja si hay gente demnificada del sismo e inundaciones es por tu gobierno TMB es rata ya ves no se tiene que ir tan lejos pa buscar criminales en Mexico y los migrantes no tienen la culpa que se haya clavado el dinero tu gobiernoy si aun ayudado algunos centroamericanos es porque tienen los ojos del mundo ensima y Dios que va a decir la radio la prensa y la tv del gobierno mexicano no son solidarios no se por que la hacen tanto de tos si muchos mexicanos estan en la misma situacion en USA y peor no sean asi egoistas estoy deacuerdo que elos actuaron mal al querer entrar asi con violencia eso esta mal ponte en los zapatos de elos no no mas hablen a lo pendejo si fuera Mexico ,1,1
2836,381,2,[@usuario1] hay pendeja escribiste tanto para nada Tu ortografia es una mierda No fuiste a la escuela o que pedo cerota Ni lo voy a leer por que esta de una mierda ,1,0
2837,382,1,Puro prieto ,1,1
2838,382,2,[@usuario1] prefiero al termino moreno obscuro ,0,0
2839,382,3,Color caquita ,1,0
2840,382,4,jaja se sienten europeos los vergas ,1,0
2841,383,1,Cada vez que veo un otaku me dan ganas de partirle su madre ,1,1
2842,383,2,Como sabes que es otaku ,0,0
2843,383,1,Porque me dan ganas de partirle su madre ,1,0
2844,384,1,Mexico para los mexicanos ,0,0
2845,384,2,Hay personas que ni asi reacionan ,0,0
2846,384,3,[@usuario1] metete ese bolio en el culo y si te alcanza un platano ,1,1
2847,384,4,A mi me cagan los humanos hay algo de malo en eso ,1,0
2848,385,1,Ey ,0,0
2849,385,2,Que quieres ,1,0
2850,385,1,Solo saludar ,0,0
2851,385,2,Pero para que mugrosa ,1,1
2852,385,1,Mugrosa ,0,0
2853,385,1,Que grosero ,0,0
2854,386,1,Te mamaste ,1,1
2855,386,2,Que peso joto ,1,0
2856,386,2,Joto ,1,0
2857,386,1,Que paso ,0,0
2858,386,2,Que paso de que verga ,1,0
2859,386,1,ah bien vergas ,1,0
2860,386,2,Me cuelga como ves ,1,0
2861,386,1,Jalate pero ,1,0
2862,387,1,Porque haces eso pendejo ,1,1
2863,387,2,Oh que verga jaja ,1,0
2864,387,2,Ya dejame ,0,0
2865,387,1,Solo te digo la verdad ni para eso sirves ,1,0
2866,387,2,Vete a la verga ,1,0
2867,388,1,jaja ,0,0
2868,388,1,Abrete alv ,1,1
2869,388,2,carita ,1,0
2870,388,1,Pinxhe bato culero ,1,0
2871,388,2,Que wee ,1,0
2872,388,2,Pues que pues ,1,0
2873,388,2,Yo soy el afectado ,0,0
2874,388,1,Lo que pasa es que estas bien ondejo ,1,0
2875,388,1,Pendejo ,1,0
2876,389,1,Nomas ,0,0
2877,389,1,Estas trabajando las 8 horas ,0,0
2878,389,2,Si porque Imbecil ,1,1
2879,389,1,jaja ,1,0
2880,389,1,Tranquilo Men ,0,0
2881,389,1,Solo trato de hacerte entrar en cordura ,0,0
2882,389,2,Porque verga que me vas hacer ,1,0
2883,389,1,Tienes problemas man ,0,0
2884,390,1,Oye ,0,0
2885,390,2,Mande ,0,0
2886,390,1,Que comes ,0,0
2887,390,2,Que te importa alv ,1,1
2888,390,1,Nomas eso comes ,0,0
2889,390,2,Como chingas ,1,0
2890,390,1,Que culera eres ,1,0
2891,390,2,Me la pelas ,1,0
2892,391,1,Pues a ver si te veo pues gay por que entro a las 12 ,1,1
2893,391,2,Simon vale verga ,1,0
2894,391,2,Cuando salga te dejo un mensaje ,0,0
2895,391,1,Ok ,0,0
2896,391,1,Ya saliste perita ,1,0
2897,392,1,Que mamona eres ,1,1
2898,392,2,Porque ,0,0
2899,392,1,Pues no mames te pasas de verga ,1,0
2900,392,2,Y que ,1,0
2901,392,1,Como que y que La neta que inservible eres ,1,0
2902,392,2,Y me necesitabas para algo ,1,0
2903,392,1,Olvidalo idiota ,1,0
2904,393,1,Porque haces eso pendejo ,1,1
2905,393,2,Oh que verga jaja ,1,0
2906,393,2,Ya dejame ,0,0
2907,393,1,Solote digo la verdad ni para eso sirves ,1,0
2908,394,1,Hola ,0,0
2909,394,1,Hey te mire hoy ,0,1
2910,394,1,jaja ,0,0
2911,394,2,Hola Como conseguiste mi facebok ,0,0
2912,394,1,Ots secreto jaja no te creas ,1,0
2913,394,1,Me lo paso un amigo tuyo ,1,0
2914,394,2,Pero no te conozco ,0,0
2915,394,1,Pero podemos hacerlo jaja digo si quieres ,1,0
2916,394,1,Igual yo ya te he visto varias veces pasar por mi trabajo ,1,0
2917,395,1,Hey idiota ,1,1
2918,395,2,Tranza ,1,0
2919,395,2,Cholo ,1,0
2920,395,1,Porque estas tan pendejo ,1,0
2921,395,2,jaja ,1,0
2922,395,2,Que hice ,0,0
2923,395,2,Ahora ,0,0
2924,395,1,El simple hecho de exixtir ,1,0
2925,395,2,Oh que verga jaja ,1,0
2926,396,1,Hola ,0,0
2927,396,2,Hola chamaco eres bien enfadoso mejor pongase a estudiar para ver si para eso si sirves ,1,1
2928,396,1,No te queria molestar perdon de casualidad no sabes que hay de tarea ,0,0
2929,396,2,Si me molestas y jaja a eso vas a la escuela para poner atencion chamaco tonto ,1,0
2930,396,1,No es mi intencion si quieres ya no te hablo solo queria saber que es la tarea porque me fui temprano ,0,0
2931,396,2,Me vale tus motivos preguntale a alguien que no le moleste hablar contigo ,1,0
2932,397,1,Ey moro ,0,0
2933,397,2,Que paso ,0,0
2934,397,1,Te voy a partir en tu madre si te vuelvo a ver meco ,1,1
2935,397,2,Ni siquiera te conozco quien dices que eres y porque sabes mi facebok ,0,0
2936,397,1,A parte de meco jaja si sabes quien soy y ya te adverti moro ,1,0
2937,397,2,No pues ni idea pero me la pela compa ,1,0
2938,397,1,Ponte trucha que cuando menos te esperes te van a trenzar ,1,0
2939,398,1,Sabes de donde empieza a estudiar lo de derecho ,0,0
2940,398,2,Desde el bloque 2 imbecil ,1,1
2941,398,2,Y espero y estudies porque esta vez no te pasara el examen el pinche friki ,1,0
2942,398,1,No tienes que ser grosero te lo decia en buen plan companero me haces sentir mal ,0,0
2943,398,2,No me inresa hacer sentir mal a mi mama menos a ti idiota ,1,0
2944,398,1,No te molesto mas ,0,0
2945,399,1,Te dare otra oportunidad ,0,0
2946,399,2,Hola buenas tardes estaba viendo tus fotos de facebok y creo que eres horible ,1,1
2947,399,1,A que te refieres ,0,0
2948,399,2,A que me caes super mora y no te quiero ver en el salon ,1,0
2949,399,1,Porque si no te he echo nada ,0,0
2950,399,2,Yo creo que por tu horrible rostro ,1,0
2951,400,1,Ey hola ,0,0
2952,400,2,Mm hola ,0,0
2953,400,2,Para que me hablas jaja ,1,1
2954,400,1,Pues es que estaba aburido y queria ver si quieres ser mi amiga te he visto varias veces en la escuela ,0,0
2955,400,2,jaja no inventes jamas seria amiga de una persona como tu ,1,0
2956,400,2,Mejor metete al gimnasio ,1,0
2957,400,2,Y te quitas lo aburido ,1,0
2958,400,2,Asi no pierdes el tiempo ,1,0
2959,400,1,Pero porque no Que tengo o que ,0,0
2960,400,1,Yo solo trataba de ser amable ,0,0
2961,400,1,No tienes que ser grosera conmigo ,0,0
2962,400,2,Es neta Mirate en un espejo estas super gordo y jamas me gustaria contigo ,1,0
2963,400,2,En lugar de ser amable se mas inteligente y haz algo productivo con tu tiempo ,1,0
2964,401,1,Vales ,0,0
2965,401,1,Pa pura verga ,1,1
2966,401,1,No vales ,1,0
2967,401,1,Verga ,1,0
2968,401,1,Como persona ,1,0
2969,401,2,Porque we ,0,0
2970,401,1,Ni como compa ,1,0
2971,401,1,Y vete a la verga ,1,0
2972,401,1,Haci ,0,0
2973,401,1,jaja ,1,0
2974,402,1,Asi que quieres No tienes a otra persona que molestar ,1,1
2975,402,2,Solo queria saber si podrias decirme a que hora entramos manana ,0,0
2976,402,1,Y que no tienes horario Fijate y deja de estar enfadando ,1,0
2977,402,2,No tienes porque ser grosera somos companeros pero ya no te molestare mas ,0,0
2978,402,1,Uy gracias me harias un gran favor a mi y a todo el salon ,1,0
2979,403,1,No entiendo que te hice Porque eres asi conmigp ,0,0
2980,403,2,Tu simple presencia incomoda eres super raro ya en serio dejame en paz y ve a molestar a alguien mas ,1,1
2981,403,1,Mm creo que entonces no puedo hacer nada al respecto asi que dejo molestarte ,0,0
2982,403,2,Asi es muchas gracias ,1,0
2983,404,1,HI ,0,0
2984,404,1,caritao ,0,1
2985,404,1,jaja ,0,0
2986,404,1,caritao ,0,0
2987,404,1,como que donde ,0,0
2988,404,1,Hola mor ,0,0
2989,405,1,jaja ense√±ame caritaTriste ,0,0
2990,405,1,lo que sabes caritaTriste ,0,0
2991,405,1,jaja mejor ponte a trabajar ,0,0
2992,405,1,y a donde fuiste cuando te bajaste del micro ,0,0
2993,405,2,a mi casa ,0,0
2994,405,2,jaja ,0,0
2995,405,1,Uuy ,1,1
2996,405,1,Donde vives :o ,1,0
2997,405,1,para ir ,1,0
2998,405,1,para que me cocines mejor caritaTriste ,1,0
2999,405,2,Oilo ,1,0
3000,405,1,jaja y con quien estas ,0,0
3001,406,1,jaja ,0,0
3002,406,1,que haces ,0,0
3003,406,2,Trabajando ,0,0
3004,406,1,ponte tu caritaTriste ,1,1
3005,406,1,Que andas haciendo guapetona ,0,0
3006,406,1,caritao ,0,0
3007,406,1,nada nada ,0,0
3008,406,1,ya duermase usted ,1,0
3009,406,1,Tienes whatsup ,1,0
3010,407,1,Bien y tu ,0,0
3011,407,2,Eraboy ,0,0
3012,407,2,Pies trabajando no hay de otra mija jaja ,0,0
3013,407,2,como te va vaga ,1,1
3014,407,2,Ola perdida ya ni hablas ,1,0
3015,407,2,De seguro ya te enamoraste ,1,0
3016,407,2,Y te pagan por eso no ablas he ,1,0
3017,407,2,Hey ,0,0
3018,407,2,Ya duermete vicio ,1,0
3019,408,1,Orale ,0,0
3020,408,1,Ke se me haceke ya te pegan mija ,1,1
3021,408,1,jaja ,1,0
3022,408,1,Y dime para ke lado vives [@usuario2] ,0,0
3023,408,1,Si se puede saber ,0,0
3024,408,2,jaja no ,1,0
3025,408,1,Pues nose pregunto por lo mismo ,0,0
3026,408,1,Alo mejor el novio o el amigo con derecho ke se yo jaja el chiste es que alguien sea tu due√±o ke no ,1,0
3027,408,1,el chiste eske pregunto dime de ke parte eres de ensenada ,0,0
3028,408,1,Dime de ke parte eres de ensenada ,0,0
3029,408,1,No entendi jaja ,1,0
3030,408,1,orale ke bueno y dime por donde vives ya ni me ,0,0
3031,409,1,Hey ,0,0
3026,408,1,Alo mejor el novio o el amigo con derecho ke se yo jaja el chiste es que alguien sea tu due√±o ke no ,1,0
3027,408,1,el chiste eske pregunto dime de ke parte eres de ensenada ,0,0
3028,408,1,Dime de ke parte eres de ensenada ,0,0
3029,408,1,No entendi jaja ,1,0
3030,408,1,orale ke bueno y dime por donde vives ya ni me ,0,0
3031,409,1,Hey ,0,0
3032,409,2,Mande ,0,0
3033,409,1,Hola ,0,0
3034,409,2,Hola ,0,0
3035,409,1,Hacemos videolamada: ,0,0
3036,409,1,Ahorita bb ,0,0
3037,409,1,Rapido bb ,0,0
3038,409,1,Pues no hablamos y ya ,1,1
3039,409,1,Ve al ba√±o ,0,0
3040,410,1,No see sorprendeme caritaTriste ,0,0
3041,410,2,Un cereal caritaTriste ,0,0
3042,410,1,No caritaTriste ,0,0
3043,410,1,Que rico ,0,0
3044,410,1,No se caritaTriste ,0,0
3045,410,2,Pues yo tampoco caritaTriste ,0,0
3046,410,1,mm caritaTriste ,0,0
3047,410,1,Carnitas caritaTriste ,0,0
3048,410,2,De cuales ,0,0
3049,410,1,De las tuyas caritaTriste ,1,1
3050,410,1,Digo me refiero a las que tu hagas  caritaTriste ,0,0
3051,411,1,caritae ,0,1
3052,411,2,caritao ,0,0
3053,411,1,K ases ,0,0
3054,411,1,Madrugaste ,0,0
3055,411,1,Hola guapa ,0,0
3056,411,1,Ya no ablas ,1,0
3057,412,1,[manda videolamada] ,0,0
3058,412,2,No puedo ,0,0
3059,412,1,Nunca ,1,1
3060,412,2,Hola ,0,0
3061,412,2,Hola ,0,0
3062,412,2,Como estas bb ,0,0
3063,413,1,Mlp caritaTriste ,1,1
3064,413,1,caritaTriste ,0,0
3065,413,2,jaja oilo ,1,0
3066,413,1,Te rajas ,1,0
3067,413,1,Verdad ,1,0
3068,413,1,Hola ,0,0
3069,414,1,[@usuario2] [@usuario3] se acuerdan de [@usuario_ext1]: [@usuario1] yo te amo [@usuario1]: calate ya ,1,1
3070,414,1,Ya me estaba creyendo eso tantas veces me dijo te amo que ya estaba pensando el [@usuario_ext1] es gay ,1,0
3071,414,2,jaja se pasaba de verga jaja ,1,0
3072,414,3,caritai ,1,0
3073,414,1,pasa el video ,1,0
3074,414,1,o las fotos ,1,0
3075,415,1,Y a donde se envia ,0,0
3076,415,2,Creo que yo puse todos en un archivo no hice ni madres pero para ue mire de perdida que lo intente o por lo menos de huevon no estuve ,0,1
3077,415,3,caritai ,1,0
3078,415,2,Pues a blackboard no ,0,0
3079,415,3,No hay meta para subirlo ,0,0
3080,415,1,Mandalo por fax mamon ,1,0
3081,415,3,Es lo que todos estamo diciendo ,1,0
3082,415,3,Por telegrama ,1,0
3083,416,1,[img3084] ,1,1
3084,416,2,Nel ,0,0
3085,416,3,Nel ,0,0
3086,416,4,Se la van a pelar toda van a traer el pito morado los de Boston de tantas peladas de verga que le daran los de dodgers ,1,0
3087,417,1,En el salon ,0,0
3088,417,1,ya vamos ,0,0
3089,417,2,Aguantenme un amadre vengo en micro ,1,1
3090,417,3,Aqui los espero ,0,0
3091,417,1,En donde estas ,0,0
3092,417,4,Que le pongas saldo a tu chingadera ,1,0
3093,418,1,Antes me maquilaba mucho ,0,0
3094,418,1,Y ahorita con trabajo y me ba√±o caritaTriste ,0,0
3095,418,1,caritai ,0,0
3096,418,2,jaja ,1,1
3097,418,2,uta que asco ,1,0
3098,418,2,a ver ,0,0
3099,418,2,pasame una foto tuya ,0,0
3100,418,2,maquilada ,0,0
3101,419,1,Baboso jaja ,1,1
3102,419,1,Are ,0,0
3103,419,1,caritae ,0,0
3104,419,2,Symon ,0,0
3105,419,2,Chiquita ,0,0
3106,419,2,De ti ecaritaTristelusivo ,0,0
3107,419,2,Ya sabes ,0,0
3108,419,2,Te boe a shuparlburow ,1,0
3109,419,2,caritai ,1,0
3110,419,2,Ahi vengo ,0,0
3111,420,1,Le voy a inviar unas kawas a la [@usuario_ext1] ,0,1
3112,420,2,caritae ,0,0
3113,420,1,Antes que nos cambien de salon ,0,0
3114,420,1,caritac ,1,0